smiles,y
CCC(CO)Nc1nc(NCc2ccccc2)c2ncn(C(C)C)c2n1,0
CC1(O)CCC2C3CCC4=CC(=O)CCC4(C)C3CCC12C,0
CC(C)CCCC(C)C1CCC2C(CCCC12C)=CC=C1CC(O)CC(O)C1=C,1
OC(=O)C(S)C(S)C(O)=O,1
Cc1c(cc(cc1N(=O)=O)N(=O)=O)N(=O)=O,1
OCC1OC(O)CC(O)C1O,1
CC1=CN(C2OC(CO)C(O)C2F)C(=O)NC1=O,1
COc1cc2C3CCC4(C)C(O)CCC4C3CCc2cc1O,1
Nc1ccc(cc1)C(O)=O,0
CCC(c1ccccc1)=C(c1ccc(O)cc1)c1ccc(OCCN(C)C)cc1,1
FC1=CNC(=O)NC1=O,1
NC1=NC(=O)N(C=N1)C1OC(CO)C(O)C1O,1
OCC1OC(CC1O)N1C=C(Br)C(=O)NC1=O,0
OCC1OC(CC1O)N1C=C(F)C(=O)NC1=O,1
Sc1ncnc2[nH]c[nH]c12,1
NC(=O)c1ncn(C2OC(CO)C(O)C2O)c1N,0
CC1OC(OC2C(CO)OC(OC3C(CO)OC(O)C(O)C3O)C(O)C2O)C(O)C(O)C1NC1C=C(CO)C(O)C(O)C1O,1
CCCC(=O)Nc1ccc(OCC(O)CNC(C)C)c(c1)C(C)=O,1
CC(=O)CC(c1ccc(cc1)N(=O)=O)C1=C(O)Oc2ccccc2C1=O,1
CC(N)=O,0
CC(=O)Nc1ccc(O)cc1,1
CC(=O)Nc1nnc(s1)S(N)(=O)=O,1
CC(O)=O,1
CC(=O)c1ccc(cc1)S(=O)(=O)NC(=O)NC1CCCCC1,1
CC(=O)NO,0
CC(=O)Nc1c(I)cc(I)c(C(O)=O)c1I,0
CC(=O)OCC[N+](C)(C)C,0
CC(=O)NC(CS)C(O)=O,1
CC(=O)OC(CC(O)=O)C[N+](C)(C)C,0
CC(=O)Oc1ccccc1C(O)=O,1
COc1cc(C)c(C=CC(C)=CC=CC(C)=CC(O)=O)c(C)c1C,1
NC1=NC(=O)c2ncn(COCCO)c2N1,1
CC(C)(C)C(=O)OCOP(=O)(COCCn1cnc2c(N)ncnc12)OCOC(=O)C(C)(C)C,1
Nc1ncnc2[nH]cnc12,0
n2c1c(ncnc1n(c2)[C@@H]3O[C@@H]([C@@H](O)[C@H]3O)CO)N,1
Nc1ncnc2n(cnc12)C1OC(COP(O)(=O)OP(O)(=O)OP(O)(O)=O)C(O)C1O,0
NCCSC(N)=N,0
CCC1C2CC3C4N(C)c5ccccc5C44CC(C2C4O)N3C1O,1
NC(CN(O)N=O)C(O)=O,0
CC(N)C(=O)NC(C)C(=O)NC1C2CN(CC12)c1nc2N(C=C(C(O)=O)C(=O)c2cc1F)c1ccc(F)cc1F,1
CCCSc1ccc2nc(NC(=O)OC)[nH]c2c1,1
COc1cc2[nH]c(nc(N)c2cc1OC)N(C)CCCNC(=O)C1CCCO1,1
CC(C=CC1=C(C)CCCC1(C)C)=CC=CC(C)=CC(O)=O,1
NC(=O)NC1NC(=O)NC1=O,0
C=CCC1(CC=C)C(=O)NC(=O)NC1=O,0
O=C1N=CNc2cn[nH]c12,1
CC(C)CCCC(C)CCCC(C)CCCC1(C)CCc2c(C)c(OC(C)=O)c(C)c(C)c2O1,0
CCN(CCCc1ccccc1)CCCc1ccccc1,1
NC12CC3CC(CC(C3)C1)C2,0
COC(C(Oc1nc(C)cc(C)n1)C(O)=O)(c1ccccc1)c1ccccc1,0
Nc1c(Br)cc(Br)cc1CNC1CCC(O)CC1,0
NCCC(O)C(=O)NC1CC(N)C(OC2OC(CN)C(O)C(O)C2O)C(O)C1OC1OC(CO)C(O)C(N)C1O,1
NC(=N)NC(=O)c1nc(Cl)c(N)nc1N,1
OC(=O)CCCCCCNC1c2ccccc2CCc2ccccc12,1
NCC(O)=O,1
CCC1(CCC(=O)NC1=O)c1ccc(N)cc1,0
N\N=C(\N)N,0
CN1C(=O)N(C)c2[nH]c[nH]c2C1=O,1
CN(C)C1=C(C)N(C)N(c2ccccc2)C1=O,1
CCCCc1oc2ccccc2c1C(=O)c1cc(I)c(OCCN(CC)CC)c(I)c1,1
CN(C)CC\C=C1\c2ccccc2CCc2ccccc12,1
CCOC(=O)C1=C(COCCN)NC(C)=C(C1c1ccccc1Cl)C(=O)OC,0
CCC1(CCC(C)C)C(=O)NC(=O)NC1=O,0
CCN(CC)Cc1cc(Nc2ccnc3cc(Cl)ccc23)ccc1O,1
CC1(C)SC2C(NC(=O)C(N)c3ccc(O)cc3)C(=O)N2C1C(O)=O,1
CC(N)Cc1ccccc1,1
CC1OC(=O)CC(O)CC(O)CCC(O)C(O)CC(O)CC2(O)CC(O)C(C(CC(OC3OC(C)C(O)C(N)C3O)C=CC=CC=CC=CC=CC=CC=CC(C)C(O)C1C)O2)C(O)=O,1
CC1(C)SC2C(NC(=O)C(N)c3ccccc3)C(=O)N2C1C(O)=O,1
CC(C)CN(CC(O)C(Cc1ccccc1)NC(=O)OC1CCOC1)S(=O)(=O)c1ccc(N)cc1,1
NC1=CC(=CNC1=O)c1ccncc1,0
COc1cc(NS(C)(=O)=O)ccc1Nc1c2ccccc2nc2ccccc12,1
CC(C)(C#N)c1cc(Cn2cncn2)cc(c1)C(C)(C)C#N,1
COc1ccc(cc1)C1=CC(=S)SS1,0
Oc1cccc2cc3cccc(O)c3c(O)c12,1
CN1CCc2cccc-3c2C1Cc1ccc(O)c(O)c-31,0
CC(C)C1(CC=C)C(=O)NC(=O)NC1=O,0
OCC(O)C1OC(O)=C(O)C1=O,1
CC(C=CC=C(C)C=CC1=C(C)C(=O)C(O)CC1(C)C)=CC=CC=C(C)C=CC=C(C)C=CC1=C(C)C(=O)C(O)CC1(C)C,0
COC(=O)NC(C(=O)NC(Cc1ccccc1)C(O)CN(Cc1ccc(cc1)-c1ccccn1)NC(=O)C(NC(=O)OC)C(C)(C)C)C(C)(C)C,1
CC(C)NCC(O)COc1ccc(CC(N)=O)cc1,1
CCCC1(CCC)CCC2(CCN(CCCN(CC)CC)C2)CC1,1
CNCCC(Oc1ccccc1C)c1ccccc1,1
CC(C)C1=C(C(=O)Nc2ccccc2)C(c2ccccc2)=C(N1CCC(O)CC(O)CC(O)=O)c1ccc(F)cc1,1
CN1C2CCC1CC(C2)OC(=O)C(CO)c1ccccc1,0
CC(C)c1cc(C(C)C)c(CC(=O)NS(=O)(=O)Oc2c(cccc2C(C)C)C(C)C)c(c1)C(C)C,1
Cn1cnc(c1Sc1ncnc2ncnc12)N(=O)=O,1
Cn1cnc2c(F)c(Nc3ccc(Br)cc3Cl)c(cc12)C(=O)NOCCO,0
CCC1OC(=O)C(C)C(OC2CC(C)(OC)C(O)C(C)O2)C(C)C(OC2OC(C)CC(C2O)N(C)C)C(C)(O)CC(C)CN(C)C(C)C(O)C1(C)O,1
CC1(C)SC2C(NC(=O)C(NC(=O)N3CCNC3=O)c3ccccc3)C(=O)N2C1C(O)=O,1
CC1C(NC(=O)C(=NOC(C)(C)C(O)=O)c2csc(N)n2)C(=O)N1S(O)(=O)=O,1
CCC(C)C(C)C1=NC(CS1)C(=O)NC(CC(C)C)C(=O)NC(CCC(O)=O)C(=O)NC(C(C)CC)C(=O)NC1CCCCNC(=O)C(CC(O)=O)NC(=O)C(Cc2c[nH]c[nH]2)NC(=O)C(Cc2ccccc2)NC(=O)C(NC(=O)C(CCCN)NC1=O)C(C)CC,0
NCC(CC(O)=O)c1ccc(Cl)cc1,1
CCC1(CC)C(=O)NC(=O)NC1=O,0
Cn1c(CCCC(O)=O)nc2cc(ccc12)N(CCCl)CCCl,1
OC(=O)COc1nn(Cc2ccccc2)c2ccccc12,1
CC(=O)Nc1ccc(OC(=O)c2ccccc2OC(C)=O)cc1,0
CC(C(O)=O)c1ccc2oc(nc2c1)-c1ccc(Cl)cc1,1
CCc1oc2ccccc2c1C(=O)c1ccc(O)cc1,1
CCc1oc2ccccc2c1C(=O)c1cc(Br)c(O)c(Br)c1,1
CCc1oc2ccccc2c1C(=O)c1cc(I)c(O)c(I)c1,0
O=C(OOC(=O)c1ccccc1)c1ccccc1,0
CC#CCC(C)C(O)C=CC1C(O)CC2Oc3c(CCCC(O)=O)cccc3C12,0
CC(C=CC=C(C)C=CC1=C(C)CCCC1(C)C)=CC=CC=C(C)C=CC=C(C)C=CC1=C(C)CCCC1(C)C,1
C[N+](C)(C)CC(O)=O,0
CC1(C)CCC2=C(O1)c1ccccc1C(=O)C2=O,1
CC1CC2C3CCC4=CC(=O)C=CC4(C)C3(F)C(O)CC2(C)C1(O)C(=O)COP(O)(O)=O,0
CCC(CCC(C)C1CCC2C3CC=C4CC(O)CCC4(C)C3CCC12C)C(C)C,1
CC(=C)C1CCC2(CCC3(C)C(CCC4C5(C)CCC(O)C(C)(C)C5CCC34C)C12)C(O)=O,1
CC(C)(Oc1ccc(CCNC(=O)c2ccc(Cl)cc2)cc1)C(O)=O,1
CC(O)(CS(=O)(=O)c1ccc(F)cc1)C(=O)Nc1ccc(C#N)c(c1)C(F)(F)F,1
c1ccc(cc1)C(c1ccc(cc1)-c1ccccc1)n1ccnc1,0
OC(=O)CCCCC1SCC2NC(=O)NC12,1
CC(C)NCC(O)COc1ccc(COCCOC(C)C)cc1,1
CC(O)C(NC(=O)C(C)C(O)C(C)NC(=O)C(NC(=O)c1nc(nc(N)c1C)C(CC(N)=O)NCC(N)C(N)=O)C(OC1OC(CO)C(O)C(O)C1OC1OC(CO)C(O)C(OC(N)=O)C1O)c1cnc[nH]1)C(=O)NCCc1nc(cs1)-c1nc(cs1)C(O)=O,1
CC(C)CC(NC(=O)C(Cc1ccccc1)NC(=O)c1cnccn1)B(O)O,1
COc1ccccc1Oc1c(NS(=O)(=O)c2ccc(cc2)C(C)(C)C)nc(nc1OCCO)-c1ncccn1,1
Nc1c(CC(O)=O)cccc1C(=O)c1ccc(Br)cc1,1
CC(C)C(Br)C(=O)NC(N)=O,1
CC(C)CC1N2C(=O)C(NC(=O)C3CN(C)C4Cc5c(Br)[nH]c6cccc(C4=C3)c56)(OC2(O)C2CCCN2C1=O)C(C)C,0
Cc1nnc2CN=C(c3ccccc3Cl)c3cc(Br)sc3-n12,0
CCCC(=O)Nc1ncnc2n(cnc12)C1OC2COP(O)(=O)OC2C1OC(=O)CCC,1
CCCC1OC2CC3C4CCC5=CC(=O)C=CC5(C)C4C(O)CC3(C)C2(O1)C(=O)CO,1
CCCCNc1cc(cc(c1Oc1ccccc1)S(N)(=O)=O)C(O)=O,0
CCCCN1CCCCC1C(=O)Nc1c(C)cccc1C,0
COc1c(O)ccc2CC3N(CCC4(CC5(CCC34CC5C(C)(O)C(C)(C)C)OC)c12)CC1CC1,1
CC(NC(C)(C)C)C(=O)c1cccc(Cl)c1,1
O=C1CC2(CCCC2)CC(=O)N1CCCCN1CCN(CC1)c1ncccn1,1
CS(=O)(=O)OCCCCOS(C)(=O)=O,1
CCCCOCN(C(=O)CCl)c1c(CC)cccc1CC,0
CC(C)CC1(CC=C)C(=O)NC(=O)NC1=O,1
CCCCC1(CC)C(=O)NC(=O)NC1=O,0
CN1C(=O)N(C)c2ncn(C)c2C1=O,1
CC(CCCC(C)(C)O)C1CCC2C(CCCC12C)=CC=C1CC(O)CC(O)C1=C,1
CCC1(O)C(=O)OCC2=C1C=C1N(Cc3cc4ccccc4[nH]c13)C2=O,1
CCOc1nc2cccc(C(=O)OC(C)OC(=O)OC3CCCCC3)c2n1Cc1ccc(cc1)-c1ccccc1-c1nn[nH]n1,1
CCCCCc1cc(O)c(C2C=C(C)CCC2C(C)=C)c(O)c1,1
CCCCCOC(=O)NC1=NC(=O)N(C=C1F)C1OC(C)C(O)C1O,1
COc1cc(CNC(=O)CCCCC=CC(C)C)ccc1O,1
CC(CS)C(=O)N1CCCC1C(O)=O,1
NC(=O)N1c2ccccc2C=Cc2ccccc12,1
C[N+](C)(C)CCOC(N)=O,0
CNC(=O)Oc1cccc2ccccc12,0
CC1(C)SC2C(NC(=O)C(C(O)=O)c3ccccc3)C(=O)N2C1C(O)=O,1
CC1(C)C(CCC2(C)C1CCC1(C)C2C(=O)C=C2C3CC(C)(CCC3(C)CCC12C)C(O)=O)OC(=O)CCC(O)=O,0
CCOC(=O)N1C=CN(C)C1=S,1
OC(=O)C1(CCC1)C(O)=O,1
CCCCNC(=O)NS(=O)(=O)c1ccc(N)cc1,0
CC(C)c1ccc(cc1S(C)(=O)=O)C(=O)NC(N)=N,0
CCCC(C)(COC(N)=O)COC(=O)NC(C)C,0
ClCCNC(=O)N(CCCl)N=O,1
C[N+](C)(C)CC(O)CC(O)=O,1
CC(C(O)=O)c1ccc-2c(Nc3ccc(Cl)cc-23)c1,0
COc1ccccc1OCCNCC(O)COc1cccc2Nc3ccccc3-c12,1
OC1Cc2c(O)cc(O)cc2OC1c1ccc(O)c(O)c1,1
NC(C(=O)NC1C2SCC(Cl)=C(N2C1=O)C(O)=O)c1ccccc1,1
CC1=C(N2C(SC1)C(NC(=O)C(N)c1ccc(O)cc1)C2=O)C(O)=O,1
Cc1nnc(SCC2=C(N3C(SC2)C(NC(=O)Cn2cnnn2)C3=O)C(O)=O)s1,1
Nc1nc(cs1)C(=NOCC(O)=O)C(=O)NC1C2SCC(C=C)=C(N2C1=O)C(O)=O,1
CCN1CCN(C(=O)NC(C(=O)NC2C3SCC(CSc4nnnn4C)=C(N3C2=O)C(O)=O)c2ccc(O)cc2)C(=O)C1=O,1
CON=C(C(=O)NC1C2SCC(COC(C)=O)=C(N2C1=O)C(O)=O)c1csc(N)n1,1
COC1(NC(=O)C2S\C(S2)=C(/C(N)=O)C(O)=O)C2SCC(CSc3nnnn3C)=C(N2C1=O)C(O)=O,1
CC=CC1=C(N2C(SC1)C(NC(=O)C(N)c1ccc(O)cc1)C2=O)C(O)=O,1
CON=C(C(=O)NC1C2SCC(CSC3=NC(=O)C(=O)NN3C)=C(N2C1=O)C(O)=O)c1csc(N)n1,1
Cc1ccc(cc1)-c1cc(nn1-c1ccc(cc1)S(N)(=O)=O)C(F)(F)F,1
OC(=O)C1=C(CSC2C(NC(=O)Cc3cccs3)C(=O)N12)C[n+]1ccccc1,1
CC(=O)OCC1=C(N2C(SC1)C(NC(=O)CCCC(N)C(O)=O)C2=O)C(O)=O,1
CC(=O)OCC1=C(N2C(SC1)C(NC(=O)Cc1cccs1)C2=O)C(O)=O,1
COCc1c(nc(C(C)C)c(C=CC(O)CC(O)CC(O)=O)c1-c1ccc(F)cc1)C(C)C,1
COCc1c(nc(C(C)C)c(C=CC(O)CC(O)CC(O)=O)c1-c1ccc(F)cc1)C(C)C,0
OC(=O)COCCN1CCN(CC1)C(c1ccccc1)c1ccc(Cl)cc1,1
CCCCCCCCCCCCCCCC[N+](C)(C)C,0
CNC(=O)C1OC(C(O)C1O)n1cnc2c(NCc3cccc(I)c3)ncnc12,0
O=C(O)CC[C@H]([C@H]1CC[C@@H]2[C@]1(C)CC[C@H]4[C@H]2[C@H](O)C[C@@H]3C[C@H](O)CC[C@@]34C)C,1
OC(O)C(Cl)(Cl)Cl,1
OC(=O)CCCc1ccc(cc1)N(CCCl)CCCl,1
Cc1ccc(cc1)S(=O)(=O)NCl,0
OCC(NC(=O)C(Cl)Cl)C(O)c1ccc(cc1)N(=O)=O,1
CN=C1CN(O)C(c2ccccc2)=C2C=C(Cl)C=CC2=N1,0
CC(C)NC(=N)NC(=N)Nc1ccc(Cl)cc1,1
CC(=O)OC1(CCC2C3C=C(Cl)C4=CC(=O)CCC4(C)C3CCC12C)C(C)=O,1
Cc1ncsc1CCCl,1
CN1C(c2ccc(Cl)cc2)S(=O)(=O)CCC1=O,1
CCN(CC)CCCC(C)Nc1cc[nH]c2cc(Cl)ccc12,1
Cc1cc(O)cc(C)c1Cl,0
CN(C)CCC(c1ccc(Cl)cc1)c1ccccn1,1
CN(C)CCCN1c2ccccc2Sc2ccc(Cl)cc12,1
CCCNC(=O)NS(=O)(=O)c1ccc(Cl)cc1,1
CN(C)C1C2CC3C(C(=O)c4c(O)ccc(Cl)c4C3(C)O)=C(O)C2(O)C(=O)C(C(N)=O)=C1O,0
Oc1nc2cc(Cl)ccc2o1,1
CC(C)(Oc1ccc(cc1)C(=O)c1ccc(Cl)cc1)C(=O)NCCS(O)(=O)=O,1
CC(=O)NC1C(O)OC(OS(O)(=O)=O)C(O)C1OC1OC(C(O)C(O)C1O)C(O)=O,0
NC1=NC(=O)N(CC(CO)OCP(O)(O)=O)C=C1,1
CN=C(NCCSCc1nc[nH]c1C)NC#N,1
OC(=O)c1cc(nc2ccccc12)-c1ccccc1,1
CCN1N=C(C(O)=O)C(=O)c2cc3OCOc3cc12,1
CC(C)(Oc1ccc(cc1)C1CC1(Cl)Cl)C(O)=O,1
OC(=O)C1=CN(C2CC2)c2cc(N3CCNCC3)c(F)cc2C1=O,1
COC1CN(CCCOc2ccc(F)cc2)CCC1NC(=O)c1cc(Cl)c(N)cc1OC,1
CN(C)CCCC1(OCc2cc(ccc12)C#N)c1ccc(F)cc1,0
OC(=O)CC(O)(CC(O)=O)C(O)=O,0
Nc1nc(Cl)nc2n(cnc12)C1CC(O)C(CO)O1,1
CCC1OC(=O)C(C)C(OC2CC(C)(OC)C(O)C(C)O2)C(C)C(OC2OC(C)CC(C2O)N(C)C)C(C)(CC(C)C(=O)C(C)C(O)C1(C)O)OC,1
OCC=C1OC2CC(=O)N2C1C(O)=O,1
CCCC1CC(N(C)C1)C(=O)NC(C(C)Cl)C1OC(SC)C(O)C(O)C1O,1
Oc1c(I)cc(Cl)c2cccnc12,0
CN1C(=O)CC(=O)N(c2ccccc2)c2cc(Cl)ccc12,1
OP(O)(=O)C(Cl)(Cl)P(O)(O)=O,0
Nc1nc(Cl)nc2n(cnc12)C1OC(CO)C(O)C1F,1
CC(C)N=C1C=C2N(c3ccc(Cl)cc3)c3ccccc3N=C2C=C1Nc1ccc(Cl)cc1,1
CCOC(=O)C(C)(C)Oc1ccc(Cl)cc1,1
CCN(CC)CCOc1ccc(cc1)C(c1ccccc1)=C(Cl)c1ccccc1,1
CCN(CC)CCOc1ccc(cc1)C(c1ccccc1)=C(Cl)c1ccccc1,0
Clc1cccc(Cl)c1NC1=NCCN1,1
COC(=O)C(N1CCc2sccc2C1)c1ccccc1Cl,1
CCc1cc2C(=NCC(=O)N(C)c2s1)c1ccccc1Cl,1
Clc1ccccc1C(c1ccccc1)(c1ccccc1)n1ccnc1,0
CN1CCN(CC1)C1=C2C=CC=CC2=Nc2ccc(Cl)cc2N1,1
COC(=O)C1C(CC2CCC1N2C)OC(=O)c1ccccc1,1
COc1ccc2CC3C4C=CC(O)C5Oc1c2C45CCN3C,1
COC1=C(OC)C(=O)C(CC=C(C)CCC=C(C)CCC=C(C)CCC=C(C)CCC=C(C)CCC=C(C)CCC=C(C)CCC=C(C)CCC=C(C)CC\C=C(\C)C)=C(C)C1=O,0
COC1=CC=C2C(=CC1=O)C(CCc1cc(OC)c(OC)c(OC)c21)NC(C)=O,1
Nc1ncnc2n(cnc12)C1OC(CO)CC1O,0
CC(=O)OCC(=O)C1(O)CCC2C3CCC4=CC(=O)CCC4(C)C3C(=O)CC12C,0
CN(CC(O)=O)C(N)=N,0
COc1cc(C=CC(=O)CC(=O)C=Cc2ccc(O)c(OC)c2)ccc1O,1
CC1CC(CC(C)(C)C1)OC(=O)C(O)c1ccccc1,0
CCC1(C(=O)NC(=O)NC1=O)C1=CCCCC1,0
CCC(C(O)=O)C1(O)CCCCC1,0
CC1CNC2C(C1)OC1(CCC3C4CC=C5CC(O)CCC5(C)C4CC3=C1C)C2C,1
ClCCN(CCCl)P1(=O)NCCCO1,1
CCC1NC(=O)C(C(O)C(C)CC=CC)N(C)C(=O)C(C(C)C)N(C)C(=O)C(CC(C)C)N(C)C(=O)C(CC(C)C)N(C)C(=O)C(C)NC(=O)C(C)NC(=O)C(CC(C)C)N(C)C(=O)C(NC(=O)C(CC(C)C)NC(=O)CN(C)C1=O)C(C)C,1
OC1CC(CC(OC(=O)C=Cc2ccc(O)c(O)c2)C1O)(OC(=O)C=Cc1ccc(O)c(O)c1)C(O)=O,0
CN1CC\C(CC1)=C1/c2ccccc2C=Cc2ccccc12,1
CC(=O)OC1(CCC2C3C=C(Cl)C4=CC(=O)C5CC5C4(C)C3CCC12C)C(C)=O,1
NC1=NC(=O)N(C=C1)C1OC(CO)C(O)C1O,1
CN(C)N=Nc1[nH]cnc1C(N)=O,1
CC(C)C1NC(=O)C(NC(=O)c2ccc(C)c3OC4=C(C)C(=O)C(N)=C(C(=O)NC5C(C)OC(=O)C(C(C)C)N(C)C(=O)CN(C)C(=O)C6CCCN6C(=O)C(NC5=O)C(C)C)C4=Nc23)C(C)OC(=O)C(C(C)C)N(C)C(=O)CN(C)C(=O)C2CCCN2C1=O,1
CC(=O)N[C@@H]1[C@@H](O)[C@H](O)[C@@H](COS(O)(=O)=O)O[C@@H]1O[C@H]1[C@H](O)[C@@H](O)[C@H](O[C@@H]2[C@@H](O)O[C@H](O[C@H]3[C@H](O)[C@@H](OS(O)(=O)=O)C(O)O[C@H]3C(O)=O)[C@H](OS(O)(=O)=O)[C@H]2CS(O)(=O)=O)O[C@@H]1C(O)=O,0
CC12CC3C=NOC3C=C1CCC1C2CCC2(C)C1CCC2(O)C#C,1
Oc1cccc2C(=O)c3cccc(O)c3C(=O)c12,0
OC1=NC(=O)CN1N=Cc1ccc(o1)-c1ccc(cc1)N(=O)=O,0
Nc1ccc(cc1)S(=O)(=O)c1ccc(N)cc1,1
COc1cccc2C(=O)c3c(O)c4CC(O)(CC(OC5CC(N)C(O)C(C)O5)c4c(O)c3C(=O)c12)C(C)=O,1
Clc1ccc(cc1)C(c1ccc(Cl)cc1)C(Cl)(Cl)Cl,0
NC1=NC(=O)N(C=N1)C1CC(O)C(CO)O1,1
OC(=O)c1ccc(cc1)-n1nc(nc1-c1ccccc1O)-c1ccccc1O,1
CC(=O)N(O)CCCCCNC(=O)CCC(=O)N(O)CCCCCNC(=O)CCC(=O)N(O)CCCCCN,1
CC(CCC(O)=O)C1CCC2C3C(CC(=O)C12C)C1(C)CCC(=S)CC1CC3=O,0
CCC1=C(CC2NCCc3cc(OC)c(OC)cc23)CC2N(CCc3cc(OC)c(OC)cc23)C1,0
CCCCCc1cc(O)c2C3C=C(C)CCC3C(C)(C)Oc2c1,1
FC(F)OC(F)C(F)(F)F,1
CCC12CC(=C)C3C(CCC4=CCCCC34)C1CCC2(O)C#C,1
CN1C(=O)C(NC(=O)c2cc3ccccc3[nH]2)N=C(c2ccccc2)c2ccccc12,0
CC1CC2C3CCC4=CC(=O)C=CC4(C)C3(F)C(O)CC2(C)C1(O)C(=O)CO,1
CCNC(C)Cc1cccc(c1)C(F)(F)F,1
CC(CN1CC(=O)NC(=O)C1)N1CC(=O)NC(=O)C1,0
OC[C@H]1O[C@H](OC[C@H]2O[C@H](OC[C@@H](O)[C@@H](O)[C@H](O)[C@@H](O)C=O)[C@H](O)[C@@H](O)[C@@H]2O)[C@H](O)[C@@H](O)[C@@H]1O,0
N[C@H](Cc1ccccc1)C,0
COc1ccc2CC3C4CCCCC4(CCN3C)c2c1,1
CC(=O)Nc1c(I)c(NC(C)=O)c(I)c(C(O)=O)c1I,0
CN1C(=O)CN=C(c2ccccc2)c2cc(Cl)ccc12,1
CC1=Nc2ccc(Cl)cc2S(O)(=O)=N1,1
OC(=O)Cc1ccccc1Nc1c(Cl)cccc1Cl,1
OC1=C(CC2=C(O)Oc3ccccc3C2=O)C(=O)c2ccccc2O1,1
OCC1CCC(O1)n1cnc2C(=O)N=CNc12,1
CC12CCC3=C4CCC(=O)C=C4CCC3C1CCC2(O)CC#N,0
CCC(c1ccc(OP(O)(O)=O)cc1)=C(CC)c1ccc(OP(O)(O)=O)cc1,1
CCN(CC)C(=O)c1cccc(C)c1,0
OC(=O)c1cc(ccc1O)-c1ccc(F)cc1F,1
CC1OC(CC(O)C1O)OC1CC(O)C(OC1C)OC1C(O)CC(OC2CCC3(C)C(CCC4C3CCC3(C)C(CCC43O)C3=CC(=O)OC3)C2)OC1C,0
CC1OC(CC(O)C1O)OC1CC(O)C(OC1C)OC1C(O)CC(OC2CCC3(C)C(CCC4C3CC(O)C3(C)C(CCC43O)C3=CC(=O)OC3)C2)OC1C,0
N=C1NNC(=N)c2ccccc12,1
CN1CC(CC2C1Cc1c[nH]c3cccc2c13)C(=O)NC1(C)OC2(O)C3CCCN3C(=O)C(Cc3ccccc3)N2C1=O,1
COc1ccc(cc1)C1Sc2ccccc2N(CCN(C)C)C(=O)C1OC(C)=O,1
CS(C)=O,1
COc1ccc(cc1O)C1=CC(=O)c2c(O)cc(OC3OC(COC4OC(C)C(O)C(O)C4O)C(O)C(O)C3O)cc2O1,0
CN(C)CCOC(c1ccccc1)c1ccccc1,0
OCCN(CCO)c1nc(N2CCCCC2)c2nc(nc(N3CCCCC3)c2n1)N(CCO)CCO,1
CN(CS(O)(=O)=O)C1=C(C)N(C)N(C1=O)c1ccccc1,1
CC(CC(C)=CC(C)C(O)C(C)C=CC(O)CC1OC(=O)C(C)C(O)C1C)C(O)C(C)C(OC(N)=O)C(C)C=CC=C,1
CC(C)N(CCC(C(N)=O)(c1ccccc1)c1ccccn1)C(C)C,1
CCN(CC)C(=S)SSC(=S)N(CC)CC,1
CCN(CC)C(S)=S,0
CC(CCc1ccc(O)cc1)NCCc1ccc(O)c(O)c1,1
CC(=O)OC12COC1CC(O)C1(C)C2C(OC(=O)c2ccccc2)C2(O)CC(OC(=O)C(O)C(NC(=O)OC(C)(C)C)c3ccccc3)C(C)=C(C(O)C1=O)C2(C)C,1
CCC=CCC=CCC=CCC=CCC=CCC=CCCC(O)=O,1
NCCc1ccc(O)c(O)c1,1
CN(C)CCC=C1c2ccccc2CSc2ccccc12,1
CCN1CC(CCN2CCOCC2)C(C1=O)(c1ccccc1)c1ccccc1,1
CN(C)CCC=C1c2ccccc2COc2ccccc12,1
CC1OC(C(O)C1O)C1C=C(F)C(=O)NC1=O,1
COc1cccc2C(=O)C3C(C(=O)c12)C(O)=C1C(CC(O)(CC1=C3O)C(=O)CO)OC1CC(N)C(O)C(C)O1,1
O=C2c1c(O)c5c(c(O)c1C(=O)c3cccc(OC)c23)C[C@@](O)(C(=O)CO)C[C@@H]5O[C@@H]4O[C@H]([C@@H](O)[C@@H](N)C4)C,1
CC1C2C(O)C3C(N(C)C)C(=O)C(=C(N)O)C(=O)C3(O)C(=O)C2=C(O)c2c(O)cccc12,1
CCC(c1ccccc1)=C(c1ccc(OCCN(C)C)cc1)c1cccc(O)c1,0
Fc1ccc(cc1)C(=O)CCCN1CCC(=CC1)N1C(=O)Nc2ccccc12,0
CNCCC(Oc1cccc2ccccc12)c1cccs1,1
CC(=O)C1CCC2C3C=CC4=CC(=O)CCC4(C)C3CCC12C,1
Clc1ccc(COC(Cn2ccnc2)c2ccc(Cl)cc2Cl)cc1,0
COc1cc2c(CCNC22CSC3C4C5N(C)C(Cc6cc(C)c(OC)c(O)c56)C(O)N4C(COC2=O)c2c4OCOc4c(C)c(OC(C)=O)c32)cc1O,1
FC(F)(F)C1(OC(=O)Nc2ccc(Cl)cc12)C#CC1CC1,1
NCCCC(N)(C(F)F)C(O)=O,0
CCCCCCCCCCCCCC(=S)Nc1cc(C)c(O)c(C)c1C,0
CCC=CCC=CCC=CCC=CCC=CCCCC(O)=O,1
CCOC(=O)C(CCc1ccccc1)NC(C)C(=O)N1CCCC1C(O)=O,1
CC(NC(CCc1ccccc1)C(O)=O)C(=O)N1CCCC1C(O)=O,1
COc1ccc(cc1)C(=O)Nc1ccccc1CCC1CCCCN1C,1
FC(F)OC(F)(F)C(F)Cl,1
CCN1C=C(C(O)=O)C(=O)c2cc(F)c(nc12)N1CCNCC1,1
CSc1ccc(cc1)C(=O)C1NC(=O)N=C1C,0
CC1(C)C(O)CCC2(C)C1CCC1(C)C2C(=O)C=C2C3CC(C)(CCC3(C)CCC12C)C(O)=O,1
CCN(CC)C(=O)C(=Cc1cc(O)c(O)c(c1)N(=O)=O)C#N,1
NC1=NC(=O)c2ncn(C3CC(O)C(CO)C3=C)c2N1,1
CNC(C)C(O)c1ccccc1,1
CNCC(O)c1ccc(O)c(O)c1,1
O=C2c1c(O)c5c(c(O)c1C(=O)c3cccc(OC)c23)C[C@@](O)(C(=O)CO)C[C@@H]5O[C@@H]4O[C@H]([C@H](O)[C@@H](N)C4)C,0
CCCCCC(O)C=CC1C(O)CC2OC(CC12)=CCCCC(O)=O,0
NCCCCCC(O)=O,1
OC(=O)CSCC(=O)NC1CCSC1=O,0
CN1CC(C=C2C1Cc1c[nH]c3cccc2c13)C(=O)NC1(C)OC2(O)C3CCCN3C(=O)C(Cc3ccccc3)N2C1=O,1
CCC1OC(=O)C(C)C(OC2CC(C)(OC)C(O)C(C)O2)C(C)C(OC2OC(C)CC(C2O)N(C)C)C(C)(O)CC(C)C(=O)C(C)C(O)C1(C)O,1
CCC1OC(=O)C(C)C(OC2CC(C)(OC)C(O)C(C)O2)C(C)C(OC2OC(C)CC(C2OC(=O)CC)N(C)C)C(C)(O)CC(C)C(=O)C(C)C(O)C1(C)O,1
CCOC(=O)CCC(=O)OC1C(OC(C)CC1N(C)C)OC1C(C)C(OC2CC(C)(OC)C(O)C(C)O2)C(C)C(=O)OC(CC)C(C)(O)C(O)C(C)C(=O)C(C)CC1(C)O,1
CCC1OC(=O)C(C)C(CC(OC2OC(C)CC(C2O)N(C)C)C(C)(O)CC(C)C(=O)C(C)CC1(C)O)OC1CC(C)(OC)C(O)C(C)O1,1
O=S(c2nc1ccc(OC)cc1n2)Cc3ncc(c(OC)c3C)C,1
Clc1ccc-2c(c1)C(=NCc1nncn-21)c1ccccc1,0
CC12CCC3C(CCc4cc(O)ccc34)C1CCC2O,1
CCCCC(=O)OC1CCC2C3CCc4cc(O)ccc4C3CCC12C,0
CC12CCC3C(CCc4cc(OC(=O)N(CCCl)CCCl)ccc34)C1CCC2O,1
CC12CCC3C(CCc4cc(O)ccc34)C1CC(O)C2O,0
CC12CCC3C(CCc4cc(O)ccc34)C1CCC2=O,1
CC12CCC3C(CCc4cc(OS(O)(=O)=O)ccc34)C1CCC2=O,0
CCC(=C)C(=O)c1ccc(OCC(O)=O)c(Cl)c1Cl,0
CCO,1
CCCCCCCCC=CCCCCCCCC(=O)OCCN,0
CC12CCC3C(CCc4cc(O)ccc34)C1CCC2(O)C#C,1
O(c1cc4c(cc1)[C@H]3CC[C@]2([C@@H](CC[C@]2(C#C)O)[C@@H]3CC4)C)C,1
CCc1cc(ccn1)C(N)=S,1
CCOc1ccc2nc(sc2c1)S(N)(=O)=O,0
CCc1cccc2c3CCOC(CC)(CC(O)=O)c3[nH]c12,1
CCOC(=O)c1cncn1C(C)c1ccccc1,1
CCOC(=O)C1(CCCCCCOc2ccc(Cl)cc2)CO1,1
COc1cc(cc(OC)c1O)C1C2C(COC2=O)C(OC2OC3COC(C)OC3C(O)C2O)c2cc3OCOc3cc12,1
CCOC(=O)C=C(C)C=CC=C(C)C=Cc1c(C)cc(OC)c(C)c1C,1
Cc1cc(ccc1N=Nc1ccc2c(cc(c(N)c2c1O)S(O)(=O)=O)S(O)(=O)=O)-c1ccc(N=Nc2ccc3c(cc(c(N)c3c2O)S(O)(=O)=O)S(O)(=O)=O)c(C)c1,0
OC(CCC1C(N(C1=O)c1ccc(F)cc1)c1ccc(O)cc1)c1ccc(F)cc1,1
CC(=O)OCC(CCn1cnc2cnc(N)nc12)COC(C)=O,1
N\C(N)=N\c1nc(CSCCC(N)=NS(N)(=O)=O)cs1,1
O=S(=O)(N1CCCNCC1)c1cccc2cnccc12,1
NC(=O)OCC(COC(N)=O)c1ccccc1,1
CCOC(=O)C1=C(C)NC(C)=C(C1c1cccc(Cl)c1Cl)C(=O)OC,1
CC(C)OC(=O)C(C)(C)Oc1ccc(cc1)C(=O)c1ccc(Cl)cc1,1
CC(C=CC1=C(C)CCCC1(C)C)=CC=CC(C)=CC(=O)Nc1ccc(O)cc1,1
CCC(=O)N(C1CCN(CC1)CCc1ccccc1)c1ccccc1,1
COC1CC(CCC1O)C=C(C)C1OC(=O)C2CCCCN2C(=O)C(=O)C2(O)OC(C(CC(C)CC(C)=CC(CC=C)C(=O)CC(O)C1C)OC)C(CC2C)OC,1
CN1CCC(C(O)C1)c1c(O)cc(O)c2C(=O)C=C(Oc12)c1ccccc1Cl,1
FC(F)(F)COc1ccc(OCC(F)(F)F)c(c1)C(=O)NCC1CCCCN1,1
COSC1=CN(C)c2cc(F)ccc2C1=O,1
Cc1onc(c1C(=O)NC1C2SC(C)(C)C(N2C1=O)C(O)=O)-c1c(F)cccc1Cl,1
OC(Cn1cncn1)(Cn1cncn1)c1ccc(F)cc1F,1
NC1=NC(=O)NC=C1F,0
OC(=O)c1ccccc1Nc1cccc(c1)C(F)(F)F,1
CCOC(=O)c1ncn2-c3ccc(F)cc3C(=O)N(C)Cc12,1
CN1C(=O)CN=C(c2ccccc2F)c2cc(ccc12)N(=O)=O,0
CNCCC(Oc1ccc(cc1)C(F)(F)F)c1ccccc1,1
CC(C(O)=O)c1ccc(c(F)c1)-c1ccccc1,0
CC(C)C(=O)Nc1ccc(c(c1)C(F)(F)F)N(=O)=O,1
CC(C)n1c(C=CC(O)CC(O)CC(O)=O)c(-c2ccc(F)cc2)c2ccccc12,1
COCCCCC(=NOCCN)c1ccc(cc1)C(F)(F)F,1
NC1=NC(=O)c2nc(CNc3ccc(cc3)C(=O)NC(CCC(O)=O)C(O)=O)cnc2N1,1
Cc1cn[nH]c1,1
C=O,1
OC(=O)P(O)(O)=O,0
CC1OC1P(O)(O)=O,1
CCC(=O)OC(OP(=O)(CCCCc1ccccc1)CC(=O)N1CC(CC1C(O)=O)C1CCCCC1)C(C)C,1
OCC1OC(O)(CO)C(O)C1O,1
OC1C(O)C(O)(COP(O)(O)=O)OC1COP(O)(O)=O,1
CCCCCCCCc1ccc(CCC(N)(CO)CO)cc1,1
c1ccoc1,0
O=C1OCCN1N=Cc1ccc(o1)N(=O)=O,0
NS(=O)(=O)c1cc(C(O)=O)c(NCc2ccco2)cc1Cl,1
CC1C(O)CCC2(C)C1CCC1(C)C2C(O)CC2C(C(CC12C)OC(C)=O)=C(CC\C=C(\C)C)C(O)=O,1
OC(=O)CN(CCN(CC(O)=O)CC(O)=O)CCN(CC(O)=O)C(COCc1ccccc1)C(O)=O,1
NC1=NC(=O)c2ncn(COC(CO)CO)c2N1,1
COc1c(N2CCNC(C)C2)c(F)cc2C(=O)C(=CN(C3CC3)c12)C(O)=O,1
COc1cc2ncnc(Nc3ccc(F)c(Cl)c3)c2cc1OCCCN1CCOCC1,1
COC1CC(C)CC2=C(OC)C(=O)C=C(NC(=O)C(C)=CC=CC(OC)C(OC(N)=O)C(C)=CC(C)C1O)C2=O,1
Cc1ccc(C)c(OCCCC(C)(C)C(O)=O)c1,1
CNC1C(O)C(OCC1(C)O)OC1C(N)CC(N)C(OC2OC(CN)CCC2N)C1O,0
CN(C)c1ccc(cc1)C(\c1ccc(cc1)N(C)C)=C1/C=C\C(\C=C/1)=[N+](\C)C,0
CC1(C)CC(=O)N(CCCCN2CCN(CC2)c2ncccn2)C(=O)C1,1
CCC12CCC3C(CCC4=CC(=O)CCC34)C1C=CC2(O)C#C,1
OCC(O)COC(=O)c1ccccc1Nc1ccnc2cc(Cl)ccc12,1
NC(Cc1ccc(O)cc1)C(O)=O,1
Cc1ccc(cc1)S(=O)(=O)NC(=O)NN1CC2CCCC2C1,1
NC1C(O)OC(CO)C(O)C1O,0
OCC1OC(O)C(O)C(O)C1O,1
NC(CCC(O)=O)C(O)=O,0
NC(CCC(N)=O)C(O)=O,1
NC(CCC(=O)NC(CSSCC(NC(=O)CCC(N)C(O)=O)C(=O)NCC(O)=O)C(=O)NCC(O)=O)C(O)=O,0
CCC1(CCC(=O)NC1=O)c1ccccc1,1
COc1ccc(Cl)cc1C(=O)NCCc1ccc(cc1)S(=O)(=O)NC(=O)NC1CCCCC1,1
OCC(O)CO,1
NCC(O)=O,0
OC(=O)CC(S[Au])C(O)=O,1
CC(C)c1c(O)c(O)c(C=O)c2c(O)c(c(C)cc12)-c1c(C)cc2c(C(C)C)c(O)c(O)c(C=O)c2c1O,1
COc1cc(OC)c2C(=O)C3(Oc2c1Cl)C(C)CC(=O)C=C3OC,1
CC(C)c1ccc(C)c2ccc(C)c2c1,0
NC(=N)NN=Cc1c(Cl)cccc1Cl,0
NC(N)=N,1
OC1CCCNC1CC(=O)CN1C=Nc2cc(Br)c(Cl)cc2C1=O,1
OC1(CCN(CCCC(=O)c2ccc(F)cc2)CC1)c1ccc(Cl)cc1,1
FC(F)(F)C(Cl)Br,1
CC(O)c1c(C)c2cc3[nH]c(cc4nc(cc5[nH]c(cc1n2)c(C)c5C(C)O)c(C)c4CCC(O)=O)c(CCC(O)=O)c3C,0
CC(=O)NC1C(O)OC(COS(O)(=O)=O)C(OC2OC(C(OC3OC(CO)C(OC4OC(C(O)C(O)C4OS(O)(=O)=O)C(O)=O)C(OS(O)(=O)=O)C3NS(O)(=O)=O)C(O)C2OS(O)(=O)=O)C(O)=O)C1O,1
COc1ccc(cc1O)C1CC(=O)c2c(O)cc(OC3OC(COC4OC(C)C(O)C(O)C4O)C(O)C(O)C3O)cc2O1,1
Clc1c(Cl)c(Cl)c(Cl)c(Cl)c1Cl,1
Oc1c(Cl)cc(Cl)c(Cl)c1Cc1c(O)c(Cl)cc(Cl)c1Cl,0
CCC(C(CC)c1ccc(O)cc1)c1ccc(O)cc1,0
CCCCC(CC)CN1CN(CC(CC)CCCC)CC(C)(N)C1,0
CN1C(O)=NC(=O)C(C)(C1=O)C1=CCCCC1,0
NCCc1cnc[nH]1,0
COC(=O)CC(O)(CCCC(C)(C)O)C(=O)OC1C2c3cc4OCOc4cc3CCN3CCCC23C=C1OC,1
CC(=O)NC1C(O)OC(CO)C(O)C1OC1OC(C(OC2OC(CO)C(O)C(OC3OC(C(O)C(O)C3O)C(O)=O)C2NC(C)=O)C(O)C1O)C(O)=O,1
NNc1nncc2ccccc12,1
NS(=O)(=O)c1cc2c(NCNS2(=O)=O)cc1Cl,1
CC12CCC(=O)C=C1CCC1C3CCC(O)(C(=O)CO)C3(C)CC(O)C21,1
CC(=O)OCC(=O)C1(O)CCC2C3CCC4=CC(=O)CCC4(C)C3C(O)CC12C,0
Oc1ccc(O)cc1,1
NC(=O)NO,1
OCCOCCN1CCN(CC1)C(c1ccccc1)c1ccc(Cl)cc1,1
CC(C)Cc1ccc(cc1)C(C)C(O)=O,1
COC1=C(OC)C(=O)C(CCCCCCCCCCO)=C(C)C1=O,0
C[C@H](C(=O)ON[C@H](CCC(O)=O)C(=O)COc1c(F)c(F)cc(F)c1F)C(=O)C(=O)Nc1ccccc1C(C)(C)C,0
CCC(c1ccccc1)=C(c1ccc(I)cc1)c1ccc(OCCN2CCCC2)cc1,0
ClCCNP1(=O)OCCCN1CCCl,1
CNC(=O)C(Cc1c[nH]c2ccccc12)NC(=O)C(CC(C)C)CC(=O)NO,0
CC#CCC(C)C(O)C=CC1C(O)CC2CC(CC12)=CCCCC(O)=O,0
CN1CCN(CC1)Cc1ccc(cc1)C(=O)Nc1ccc(C)c(Nc2nccc(n2)-c2cccnc2)c1,1
CCOC(=O)C(CCc1ccccc1)NC(C)C(=O)N1C(=O)N(C)C=C1C(O)=O,0
CN(C)CCCN1c2ccccc2CCc2ccccc12,1
CCC12CC(=C)C3C(CCC4=CC(=O)CCC34)C1CCC2(O)C#C,1
CC1Cc2ccccc2N1NC(=O)c1ccc(Cl)c(c1)S(N)(=O)=O,0
CC(C)(C)NC(=O)C1CN(CCN1CC(O)CC(Cc1ccccc1)C(=O)NC1C(O)Cc2ccccc12)Cc1cccnc1,1
CC1(C)C(C=CC=CC=CC=C2Cc3c(ccc4ccccc34)N2CCCCS(O)(=O)=O)=[N+](CCCCS(O)(=O)=O)c2ccc3ccccc3c12,0
COc1ccc2n(C(=O)c3ccc(Cl)cc3)c(C)c(CC(O)=O)c2c1,1
OCC1OC(C(O)C1O)n1cnc2C(=O)N=CNc12,0
OC1C(O)C(O)C(O)C(O)C1O,1
CN(C)CCCNc1ncc(C)c2Nc3ccc4cc(O)ccc4c3-c12,1
OC(=O)c1c(I)cc(I)c(NC(=O)CCCCC(=O)Nc2c(I)cc(I)c(C(O)=O)c2I)c1I,0
CC(=O)N(CC(O)CO)c1c(I)c(C(=O)NCC(O)CO)c(I)c(C(=O)NCC(O)CO)c1I,0
CC(C)NNC(=O)COc1ccc(Cl)cc1,1
CC(C)NNC(=O)c1ccncc1,1
CCCCC1=NC2(CCCC2)C(=O)N1Cc1ccc(cc1)-c1ccccc1-c1nn[nH]n1,1
CCc1c2CN3C(=O)C4=C(C=C3c2[nH]c2ccc(OC(=O)N3CCC(CC3)N3CCCCC3)cc12)C(O)(CC)C(=O)OC4,1
CC(C)Nc1ncccn1,1
O=C1C(=COc2ccccc12)c1ccccc1,0
NNC(=O)c1ccncc1,1
CC(C)NCC(O)c1ccc(O)c(O)c1,1
O=N(=O)OC1COC2C(COC12)ON(=O)=O,1
OC1COC2C(COC12)ON(=O)=O,1
CC(COc1ccccc1)NC(C)C(O)c1ccc(O)cc1,0
COC(=O)C1=C(C)NC(C)=C(C1c1cccc2nonc12)C(=O)OC(C)C,1
CCC(C)N1N=CN(C1=O)c1ccc(cc1)N1CCN(CC1)c1ccc(OCC2COC(Cn3cncn3)(O2)c2ccc(Cl)cc2Cl)cc1,1
CCC(C)C1OC2(CCC1C)CC1CC(CC=C(C)C(OC3CC(OC)C(OC4CC(OC)C(O)C(C)O4)C(C)O3)C(C)C=CC=C3COC4C(O)C(C)=CC(C(=O)O1)C34O)O2,1
CC1CCCC2(C)OC2CC(NC(=O)CC(O)C(C)(C)C(=O)C(C)C1O)C(C)=Cc1csc(C)n1,1
Cc1oc(nc1CCOc1ccc(CC2C(=O)NOC2=O)cc1)-c1ccccc1,0
NCC1OC(OC2C(N)CC(N)C(OC3OC(CO)C(O)C(N)C3O)C2O)C(N)C(O)C1O,0
CNC1(CCCCC1=O)c1ccccc1Cl,0
Fc1ccc(cc1)C(=O)C1CCN(CC1)CCN1C(=O)Nc2ccccc2C1=O,1
CC(=O)N1CCN(CC1)c1ccc(OCC2COC(Cn3ccnc3)(O2)c2ccc(Cl)cc2Cl)cc1,1
CC(C(O)=O)c1cccc(c1)C(=O)c1ccccc1,1
COc1c2OC(C)=CC(=O)c2c(OC)c2ccoc12,0
CCCCCCCCCC=CC=CC(=O)NCC(=O)NC1C(O)C(O)C(Nc2ncnc3nc[nH]c23)OC1C(O)CO,0
NC(Cc1ccc(O)c(O)c1)C(O)=O,1
CC(CCc1ccccc1)NCC(O)c1ccc(O)c(c1)C(N)=O,1
CC(O)C(O)=O,1
OCC1OC(OC2C(CO)OC(O)C(O)C2O)C(O)C(O)C1O,0
OCC1OC(OC2C(CO)OC(O)(CO)C2O)C(O)C(O)C1O,1
NC1=NC(=O)N(C=C1)C1CSC(CO)O1,1
Nc1nnc(c(N)n1)-c1cccc(Cl)c1Cl,1
CC(C)C1NC(=O)C(CCCCN)NC(=O)C(Cc2c[nH]c3ccccc23)NC(=O)C(Cc2ccc(O)cc2)NC(=O)C(CSSCC(NC1=O)C(=O)NC(C(C)O)C(N)=O)NC(=O)C(N)Cc1ccc2ccccc2c1,1
Cc1c(OCC(F)(F)F)cc[nH]c1CS(=O)c1nc2ccccc2[nH]1,1
NC(CCC\N=C(\N)N)C(O)=O,1
C[N+](C)(C)CCOP(O)(=O)OCC(COC=O)OC=O,1
Cc1oncc1C(=O)Nc1ccc(cc1)C(F)(F)F,1
NC1=NC(=O)C2=C(NCC(CNc3ccc(cc3)C(=O)NC(CCC(O)=O)C(O)=O)N2C=O)N1,1
C1CN2CC(N=C2S1)c1ccccc1,1
CCC(N1CCCC1=O)C(N)=O,1
CC1COc2c(N3CCN(C)CC3)c(F)cc3C(=O)C(=CN1c23)C(O)=O,1
CC1CC(=O)NN=C1c1ccc(N\N=C(\C#N)C#N)cc1,0
CCN(CC)CC(=O)Nc1c(C)cccc1C,1
NCCCCC(NC(CCc1ccccc1)C(O)=O)C(=O)N1CCCC1C(O)=O,1
OC(=O)C(=O)Nc1cc(cc(NC(=O)C(O)=O)c1Cl)C#N,0
CN(CCCN1c2ccccc2CCc2ccccc12)CC(=O)c1ccc(Cl)cc1,1
ClCCN(N=O)C(=O)NC1CCCCC1,1
CN(C)C(=O)C(CCN1CCC(O)(CC1)c1ccc(Cl)cc1)(c1ccccc1)c1ccccc1,0
CC(C)C(N1CCCNC1=O)C(=O)NC(CC(O)C(Cc1ccccc1)NC(=O)COc1c(C)cccc1C)Cc1ccccc1,1
CN1C(C(=O)Nc2ccccn2)=C(O)c2sc(Cl)cc2S1(=O)=O,1
CCCCc1nc(Cl)c(CO)n1Cc1ccc(cc1)-c1ccccc1-c1nn[nH]n1,1
CCC(C)C(=O)OC1CC(C)C=C2C=CC(C)C(CCC3CC(O)CC(=O)O3)C12,1
CCOC(=O)CC(SP(=S)(OC)OC)C(=O)OCC,0
CC(C)OC(=O)C(\C(=O)OC(C)C)=C1\SC=CS1,1
Cc1ncc(COP(O)(O)=O)c(CN(CCN(CC(O)=O)Cc2c(COP(O)(O)=O)cnc(C)c2O)CC(O)=O)c1O,1
O[C@H]([C@H](O)CO)[C@H](O)[C@H](O)CO,1
CNC(=O)C(NC(=O)C(CC(C)C)C(O)C(=O)NO)C(C)(C)C,0
OC1(N2CCN=C2c2ccccc12)c1ccc(Cl)cc1,0
COC(=O)Nc1nc2ccc(cc2[nH]1)C(=O)c1ccccc1,1
CCC(C)C(C)(COC(N)=O)COC(N)=O,0
Cc1cccc(CN2CCN(CC2)C(c2ccccc2)c2ccc(Cl)cc2)c1,0
CN(C)CCOC(=O)COc1ccc(Cl)cc1,0
CC(c1c[nH]c[nH]1)c1cccc(C)c1C,1
CC1CC2C(CCC3(C)C2CCC3(OC(C)=O)C(C)=O)C2(C)CCC(=O)C=C12,0
Cc1cccc(Nc2ccccc2C(O)=O)c1C,1
CC(=O)OC1(CCC2C3C=C(C)C4=CC(=O)CCC4(C)C3CCC12C)C(C)=O,1
CN1C(C(=O)c2ccccc2S1(=O)=O)=C(O)Nc1ncc(C)s1,1
NC(Cc1ccc(cc1)N(CCCl)CCCl)C(O)=O,1
CC1=CC(=O)c2ccccc2C1=O,1
CC(C)c1ccc(C)cc1O,1
CCOC(=O)C1(CCN(C)CC1)c1ccccc1,1
CCC1(NC(=O)N(C)C1=O)c1ccccc1,0
CCC1(C(=O)NC(=O)N(C)C1=O)c1ccccc1,0
CC1CCCC(N1C)C(=O)N(C)c1ccccc1C,0
CCCC(C)(COC(N)=O)COC(N)=O,0
COc1ccc(O)cc1,0
CC(O)C1C2C(C)C(SC3CCC(N3)C(=O)N(C)C)=C(N2C1=O)C(O)=O,1
COC(CNC(=O)c1ccccc1OCC(O)=O)C[Hg]O,0
Nc1ccc(O)c(c1)C(O)=O,1
OS(=O)(=O)CCS,0
CN(C)C(=N)\N=C(\N)N,1
CCC(=O)C(CC(C)N(C)C)(c1ccccc1)c1ccccc1,1
CNC(C)Cc1ccccc1,1
CC1=Nc2ccccc2C(=O)N1c1ccccc1C,0
Cn1ccnc1S,1
CSCCC(N)C(O)=O,1
CCC=CC(C)C1(CC=C)C(=O)NC(=O)N(C)C1=O,0
CN(Cc1cnc2nc(N)nc(N)c2n1)c1ccc(cc1)C(=O)NC(CCC(O)=O)C(O)=O,1
COc1c2OC(=O)C=Cc2cc2ccoc12,1
COC(F)(F)C(Cl)Cl,1
COC(=O)c1ccccc1O,0
CC(CNC(=O)CCC1(C)C(CC(N)=O)C2NC1=C(C)C1=NC(=CC3=NC(=C(C)C4=NC2(C)C(C)(CC(N)=O)C4CCC(N)=O)C(C)(CC(N)=O)C3CCC(N)=O)C(C)(C)C1CCC(N)=O)OP(O)(=O)OC1C(CO)OC(C1O)n1cnc2cc(C)c(C)cc12,0
CC(N)(Cc1ccc(O)c(O)c1)C(O)=O,1
COC(=O)C(C1CCCCN1)c1ccccc1,1
CC1CC2C3CCC(O)(C(=O)CO)C3(C)CC(O)C2C2(C)C=CC(=O)C=C12,1
CC1(O)CCC2C3CCC4=CC(=O)CCC4(C)C3CCC12C,1
CCC1(CC)C(=O)NCC(C)C1=O,0
CCN(CC)CCNC(=O)c1cc(Cl)c(N)cc1OC,1
COCCc1ccc(OCC(O)CNC(C)C)cc1,1
Cc1ncc(n1CCO)N(=O)=O,1
CC(C)(C(=O)c1cccnc1)c1cccnc1,1
CN1CCN2C(C1)c1ccccc1Cc1ccccc21,1
CCCCCOc1ccc(cc1)-c1cc(no1)-c1ccc(cc1)C(=O)NC1CC(O)C(O)NC(=O)C2C(O)C(C)CN2C(=O)C(NC(=O)C(NC(=O)C2CC(O)CN2C(=O)C(NC1=O)C(C)O)C(O)C(O)c1ccc(O)c(OS(O)(=O)=O)c1)C(O)CC(N)=O,1
Clc1ccc(COC(Cn2ccnc2)c2ccc(Cl)cc2Cl)c(Cl)c1,1
Cc1ncc2CN=C(c3ccccc3F)c3cc(Cl)ccc3-n12,0
CC#CC1(O)CCC2C3CCC4=CC(=O)CCC4=C3C(CC12C)c1ccc(cc1)N(C)C,0
CCCCN1CC(O)C(O)C(O)C1CO,0
CCCCCCCCCCCCCCCCOP(O)(=O)OCC[N+](C)(C)C,1
CN(C)C1C2CC3Cc4c(ccc(O)c4C(=O)C3=C(O)C2(O)C(=O)C(C(N)=O)=C1O)N(C)C,1
NC1=CC(=NC(=N)N1O)N1CCCCC1,1
CN1CCN2C(C1)c1ccccc1Cc1cccnc21,1
CCCCC(C)(O)CC=CC1C(O)CC(=O)C1CCCCCCC(=O)OC,0
COC(C1Cc2cc3cc(OC4CC(OC5CC(O)C(O)C(C)O5)C(O)C(C)O4)c(C)c(O)c3c(O)c2C(=O)C1OC1CC(OC2CC(OC3CC(C)(O)C(O)C(C)O3)C(O)C(C)O2)C(O)C(C)O1)C(=O)C(O)C(C)O,1
OC(=O)C(CC(=O)N1CC2CCCCC2C1)Cc1ccccc1,0
COC12C3NC3CN1C1=C(C2COC(N)=O)C(=O)C(N)=C(C)C1=O,1
ClC(Cl)C(c1ccc(Cl)cc1)c1ccccc1Cl,1
OCCNCCNc1ccc(NCCNCCO)c2C(=O)c3c(O)ccc(O)c3C(=O)c12,1
CN(C1CCN(CC1)c1nc2ccccc2n1Cc1ccc(F)cc1)C1=NC=CC(=O)N1,1
NC(=O)CS(=O)C(c1ccccc1)c1ccccc1,1
CCOC(=O)Nc1c[n+](no1)N1CCOCC1,1
CCC1(CCC(O1)C1(C)CCC2(CC(O)C(C)C(O2)C(C)C(OC)C(C)C(O)=O)O1)C1OC(CC1C)C1OC(O)(CO)C(C)CC1C,0
CC(C)(O)c1ccccc1CCC(SCC1(CC1)CC(O)=O)c1cccc(C=Cc2ccc3ccc(Cl)cc3n2)c1,1
O=C(NCN1CCOCC1)c1cnccn1,1
CN1CCC23C4Oc5c(O)ccc(CC1C2C=CC4O)c35,1
COC1(NC(=O)C(C(O)=O)c2ccc(O)cc2)C2OCC(CSc3nnnn3C)=C(N2C1=O)C(O)=O,1
COc1c(N2CC3CCCNC3C2)c(F)cc2C(=O)C(=CN(C3CC3)c12)C(O)=O,1
CC(C)c1cc(OC(C)=O)c(C)cc1OCCN(C)C,1
COc1nc(C)nc(Cl)c1\N=C1/NCCN1,0
CC(N1N=C(N)CC1=O)c1ccc(Cl)c(Cl)c1,1
COc1c(C)c2COC(=O)c2c(O)c1CC=C(C)CCC(O)=O,1
COc1c(C)c2COC(=O)c2c(O)c1CC=C(C)CCC(=O)OCCN1CCOCC1,1
COc1ccc2cc(CCC(C)=O)ccc2c1,0
CC(C)(C)NCC(O)COc1cccc2CC(O)C(O)Cc12,1
CC(C)CC(NC(=O)C(N)Cc1ccc2ccccc2c1)C(=O)NC(CCCNC(N)=N)C(=O)N1CCCC1C(=O)NCC(=O)NC(=O)C(Cc1ccc(O)cc1)NC(=O)C(CO)NC(=O)C(Cc1c[nH]c2ccccc12)NC(=O)C(CC1C=NC=N1)NC(=O)C1CCC(=O)N1,1
CCN1C=C(C(O)=O)C(=O)c2ccc(C)nc12,1
OC1C=CC2C3Cc4ccc(O)c5OC1C2(CCCN3CC=C)c45,0
Oc1ccc2CC3N(CCC45C(Oc1c24)C(=O)CCC35O)CC=C,0
Oc1ccc2CC3N(CCC45C(Oc1c24)C(=O)CCC35O)CC1CC1,1
CCCCCCCCCC(=O)OC1CCC2C3CCC4=CC(=O)CCC4C3CCC12C,0
COc1ccc2cc(ccc2c1)C(C)C(O)=O,1
CCc1c(C)c2cc3[nH]c(cc4nc(C(CCC(O)=O)C4C)c(CC(=O)NC(CC(O)=O)C(O)=O)c4nc(cc1[nH]2)c(C)c4C(O)=O)c(C)c3C=C,0
CC1CC=CC=CC=CC=CC(CC2OC(O)(CC(O)CC3OC3C=CC(=O)O1)CC(O)C2C(O)=O)OC1OC(C)C(O)C(N)C1O,0
CCC1=NN(CCCN2CCN(CC2)c2cccc(Cl)c2)C(=O)N1CCOc1ccccc1,1
Cc1c(O)cccc1C(=O)NC(CSc1ccccc1)C(O)CN1CC2CCCCC2CC1C(=O)NC(C)(C)C,1
NCC1CC(OC2C(N)CC(N)C(O)C2OC2OC(CO)C(OC3OC(CN)C(O)C(O)C3N)C2O)C(N)C(O)C1O,0
NCC1OC(OC2C(N)CC(N)C(O)C2OC2OC(CO)C(OC3OC(CN)C(O)C(O)C3N)C2O)C(N)C(O)C1O,0
CN(C)C(=O)Oc1cccc(c1)[N+](C)(C)C,0
CCNC1CC(N)C(OC2OC(CN)=CCC2N)C(O)C1OC1OCC(C)(O)C(NC)C1O,1
Cc1ccnc2N(C3CC3)c3ncccc3C(=O)Nc12,1
OC(=O)c1cccnc1,1
O=C(CCNNC(=O)c1ccncc1)NCc1ccccc1,0
COC12CC(COC(=O)c3cncc(Br)c3)CN(C)C1Cc1cn(C)c3cccc2c13,0
O=C(OCC(COC(=O)c1cccnc1)(COC(=O)c1cccnc1)COC(=O)c1cccnc1)c1cccnc1,0
O=C(NCCON(=O)=O)c1cccnc1,0
NC(=O)c1cccnc1,1
NC(=O)c1ccc[n+](c1)C1OC(COP(O)(=O)OP(O)(=O)OCC2OC(C(O)C2O)n2cnc3c(N)ncnc23)C(O)C1O,0
CN1CCCC1c1cccnc1,1
COC(=O)C1=C(C)NC(C)=C(C1c1ccccc1N(=O)=O)C(=O)OC,1
OC(=O)c1cccnc1Nc1cccc(c1)C(F)(F)F,0
CC1CS(=O)(=O)CCN1N=Cc1ccc(o1)N(=O)=O,0
OCN1C(=O)CN(CCc2ccc(o2)N(=O)=O)C1=O,1
CC1(C)NC(=O)N(c2ccc(c(c2)C(F)(F)F)N(=O)=O)C1=O,1
CS(=O)(=O)Nc1ccc(cc1Oc1ccccc1)N(=O)=O,1
COCCOC(=O)C1=C(C)NC(C)=C(C1c1cccc(c1)N(=O)=O)C(=O)OC(C)C,1
O=C1NCCN1c1ncc(s1)N(=O)=O,0
COC(=O)C1=C(C)NC(C)=C(C1c1ccccc1N(=O)=O)C(=O)OCC(C)C,1
FC(F)(F)c1ccc(C(=O)C2C(=O)CCCC2=O)c(c1)N(=O)=O,0
O=C1CN=C(c2ccccc2)c2cc(ccc2N1)N(=O)=O,0
CCOC(=O)C1=C(C)NC(C)=C(C1c1cccc(c1)N(=O)=O)C(=O)OC,1
O=C1CN(N=Cc2ccc(o2)N(=O)=O)C(=O)N1,1
NC(=O)NN=Cc1ccc(o1)N(=O)=O,0
O=N(=O)OCC(CON(=O)=O)ON(=O)=O,1
CNC(NCCSCc1csc(CN(C)C)n1)=CN(=O)=O,1
CNCC(O)C(O)C(O)C(O)CO,1
CC(Cc1ccc(O)c(O)c1)C(C)Cc1ccc(O)c(O)c1,1
NCC(O)c1ccc(O)c(O)c1,1
CC12CCC3C(CCC4=CC(=O)CCC34)C1CCC2(O)C#C,1
CC(=O)OC1(CCC2C3CCC4=CC(=O)CCC4C3CCC12C)C#C,0
CC12CCC3C(CCC4=C3CCC(=O)C4)C1CCC2(O)C#C,0
CCN1C=C(C(O)=O)C(=O)c2cc(F)c(cc12)N1CCNCC1,1
CCC12CCC3C(CCC4=CC(=O)CCC34)C1CCC2(O)C#C,1
CNCC\C=C1\c2ccccc2CCc2ccccc12,1
COc1ccc2C(OC(=O)c2c1OC)C1N(C)CCc2cc3OCOc3c(OC)c12,0
COC1C(OC(N)=O)C(O)C(Oc2ccc3C(O)=C(NC(=O)c4ccc(O)c(C\C=C(\C)C)c4)C(=O)Oc3c2C)OC1(C)C,1
NCCCCC(NC(=O)C1CCCN1C(=O)C1CSSCC(N)C(=O)NC(Cc2ccccc2)C(=O)NC(Cc2ccccc2)C(=O)NC(CCC(N)=O)C(=O)NC(CC(N)=O)C(=O)N1)C(=O)NCC(N)=O,0
CC(O)C(CO)NC(=O)C1CSSCC(NC(=O)C(N)Cc2ccccc2)C(=O)NC(Cc2ccccc2)C(=O)NC(Cc2c[nH]c3ccccc23)C(=O)NC(CCCCN)C(=O)NC(C(C)O)C(=O)N1,1
CN1CCN(CC1)C1=Nc2ccccc2Nc2sc(C)cc12,1
O=C1O/C(=C(\O1)C)COC(=O)c2c(nc(n2Cc5ccc(c4ccccc4c3nnnn3)cc5)CCC)C��,0
Cc1nccn1CC1CCc2c(C1=O)c1ccccc1n2C,1
CCCCCCCCCCCC(CC1OC(=O)C1CCCCCC)OC(=O)C(CC(C)C)NC=O,1
OC(=O)C1=CC(=O)NC(=O)N1,0
CN(C)CCOC(c1ccccc1)c1ccccc1C,0
CC1=C(CC(=O)NCc2ccccc2)c2cc(F)ccc2C1=Cc1ccncc1,1
Cc1onc(-c2ccccc2)c1C(=O)NC1C2SC(C)(C)C(N2C1=O)C(O)=O,1
NC1CCCCC1N,1
CC(C)NCC1CCc2cc(CO)c(cc2N1)N(=O)=O,0
CC1(O)CCC2C3CCC4CC(=O)OCC4(C)C3CCC12C,0
OC(=O)CCc1nc(-c2ccccc2)c(o1)-c1ccccc1,1
OC1N=C(c2ccccc2)c2cc(Cl)ccc2NC1=O,1
NC(=O)N1c2ccccc2CC(=O)c2ccccc12,1
CN(C(=O)CN(CCO)CC(=O)N(C)C(C)(C)Cc1ccccc1)C(C)(C)Cc1ccccc1,0
CC(C)NCC(O)COc1ccccc1OCC=C,0
COc1ccc(C(=O)c2ccccc2)c(O)c1,0
COc1ccc2CC3N(C)CCC45C(Oc1c24)C(=O)CCC35O,0
CC1(O)CCC2C3CCC4CC(=O)C(CC4(C)C3CCC12C)=CO,1
CN1CCC23C4Oc5c(O)ccc(CC1C2(O)CCC4=O)c35,1
CCCCC1C(=O)N(N(C1=O)c1ccc(O)cc1)c1ccccc1,0
CC(=O)Oc1ccc(cc1)C1(C(=O)Nc2ccccc12)c1ccc(OC(C)=O)cc1,1
Oc1nc(O)c2cn[nH]c2n1,0
CN(C)C1C2C(O)C3C(C(=O)c4c(O)cccc4C3(C)O)=C(O)C2(O)C(=O)C(C(N)=O)=C1O,0
OC(=O)C=Cc1ccc(Cn2ccnc2)cc1,0
CC(=O)OC1C(=O)C2(C)C(O)CC3OCC3(OC(C)=O)C2C(OC(=O)c2ccccc2)C2(O)CC(OC(=O)C(O)C(NC(=O)c3ccccc3)c3ccccc3)C(C)=C1C2(C)C,1
COc1cc[nH]c(CS(=O)c2nc3ccc(OC(F)F)cc3[nH]2)c1OC,1
Nc1ccc(C(O)=O)c(O)c1,1
NCC1OC(OC2C(CO)OC(OC3C(O)C(N)CC(N)C3OC3OC(CO)C(O)C(O)C3N)C2O)C(N)C(O)C1O,0
Fc1ccc(cc1)C1CCNCC1COc1ccc2OCOc2c1,1
NC1=NC(=O)C(O1)c1ccccc1,1
NC1=NC(=O)c2ncn(CCC(CO)CO)c2N1,1
CC(C)(S)C(N)C(O)=O,1
CC1(C)SC2C(NC(=O)Cc3ccccc3)C(=O)N2C1C(O)=O,1
CSCCC(NC(=O)C(Cc1c[nH]c2ccccc12)NC(=O)CCNC(=O)OCC(C)C)C(=O)NC(CC(O)=O)C(=O)NC(Cc1ccccc1)C(N)=O,1
CC1C2Cc3ccc(O)cc3C1(C)CCN2C\C=C(\C)C,0
CCCC(C)C1(CC)C(=O)NC(=O)NC1=O,1
CN1C(=O)N(CCCCC(C)=O)C(=O)c2c1ncn2C,1
CN1CCN(CCCN2c3ccccc3Sc3ccccc23)CC1,1
FC(F)(F)C(F)(F)C(F)(F)C(F)(F)C(F)(F)C(F)(F)C(F)(F)C(F)(F)Br,1
CCCC(NC(C)C(=O)N1C2CCCCC2CC1C(O)=O)C(=O)OCC,1
CC1(C)C(\C=C(\Cl)Cl)C1C(=O)OCc1cccc(Oc2ccccc2)c1,0
OCCN1CCN(CCCN2c3ccccc3Sc3ccc(Cl)cc23)CC1,0
CCOc1ccc(NC(C)=O)cc1,1
NNCCc1ccccc1,1
NC(=N)NC(=N)NCCc1ccccc1,0
CCC1(C(=O)NC(=O)NC1=O)c1ccccc1,1
Oc1ccccc1,1
Oc1ccc(cc1)C1(OC(=O)c2ccccc12)c1ccc(O)cc1,0
CC(COc1ccccc1)N(CCCl)Cc1ccccc1,0
CCC(c1ccccc1)C1=C(O)Oc2ccccc2C1=O,1
Cc1ccc(cc1)N(CC1=NCCN1)c1cccc(O)c1,0
OC(=O)Cc1ccccc1,0
CCCCC1C(=O)N(N(C1=O)c1ccccc1)c1ccccc1,1
CNCC(O)c1cccc(O)c1,1
CC(N)C(O)c1ccccc1,0
OC(CNc1ccccn1)c1ccccc1,1
O=C1NC(=O)C(N1)(c1ccccc1)c1ccccc1,1
CNC(=O)Oc1ccc2N(C)C3N(C)CCC3(C)c2c1,0
OS(=O)(=O)Oc1ccc(cc1)C(c1ccc(OS(O)(=O)=O)cc1)c1ccccn1,1
CCC1C(COC1=O)Cc1cncn1C,0
Fc1ccc(cc1)C(CCCN1CCC(CC1)N1C(=O)Nc2ccccc12)c1ccc(F)cc1,1
CC(NC(Nc1cc[nH]cc1)=NC#N)C(C)(C)C,1
CCN1C=C(C(O)=O)C(=O)c2cnc(nc12)N1CCNCC1,1
CCN1CCN(C(=O)NC(C(=O)NC2C3SC(C)(C)C(N3C2=O)C(O)=O)c2ccccc2)C(=O)C1=O,0
C1CNCCN1,0
CCCCOCCOCCOCc1cc2OCOc2cc1CCC,0
CC1=CN(C(=O)C=C1)c1ccccc1,0
COc1ccc(OC)c(Cc2cnc3[nH]c(N)nc(N)c3c2C)c1,1
CN1C(C(=O)c2ccccc2S1(=O)=O)=C(O)Nc1ccccn1,1
CC(C(O)=O)c1ccc(N2CC=CC2)c(Cl)c1,1
OC(CC(O)C=Cc1c(nc2ccccc2c1-c1ccc(F)cc1)C1CC1)CC(O)=O,1
CN1CC\C(CC1)=C1/c2ccccc2CCc2sccc12,1
COc1cc(cc(OC)c1OC)C1C2C(COC2=O)C(O)c2cc3OCOc3cc12,0
OCCOCCOCCOCCOCCOCCOCCOCCOCCO,1
CCC(C)CCCCC(=O)NC(CCN)C(=O)NC(C(C)O)C(=O)NC(CCN)C(=O)NC1CCNC(=O)C(NC(=O)C(CCN)NC(=O)C(CCN)NC(=O)C(CC(C)C)NC(=O)C(Cc2ccccc2)NC(=O)C(CCN)NC1=O)C(C)O,1
OC=C,0
CCc1c(C)c2cc3nc(cc4nc(cc5[nH]c(cc1[nH]2)c(C)c5C(C)O)c(C)c4CCC(O)=O)c(CCC(O)=O)c3C,0
CC12CCC3C(CC=C4CC(O)CCC34C)C1CCC2=O,1
CCC(C)C(=O)OC1CC(O)C=C2C=CC(C)C(CCC(O)CC(O)CC(O)=O)C12,1
O=C1CN(CC2N1CCc1ccccc21)C(=O)C1CCCCC1,0
COc1cc2nc(nc(N)c2cc1OC)N1CCN(CC1)C(=O)c1ccco1,1
CC12CC(O)C3C(CCC4=CC(=O)C=CC34C)C1CCC2(O)C(=O)CO,1
CC12CC(=O)C3C(CCC4=CC(=O)C=CC34C)C1CCC2(O)C(=O)CO,1
COc1cc(NC(C)CCCN)c2ncccc2c1,1
CCC1(C(=O)NCNC1=O)c1ccccc1,1
CCCN(CCC)S(=O)(=O)c1ccc(cc1)C(O)=O,1
CC(C)(Sc1cc(c(O)c(c1)C(C)(C)C)C(C)(C)C)Sc1cc(c(O)c(c1)C(C)(C)C)C(C)(C)C,1
CCN(CC)CCNC(=O)c1ccc(N)cc1,1
CNNCc1ccc(cc1)C(=O)NC(C)C,0
CN1CCN(CCCN2c3ccccc3Sc3ccc(Cl)cc23)CC1,1
CC(=O)C1CCC2C3CCC4=CC(=O)CCC4(C)C3CCC12C,1
CC(CN1c2ccccc2Sc2ccccc12)N(C)C,0
CC(C)O,0
CC(C)c1cccc(C(C)C)c1O,1
CCC(=O)OC(Cc1ccccc1)(C(C)CN(C)C)c1ccccc1,1
CC(C)NCC(O)COc1cccc2ccccc12,1
CCCC1=CC(=O)NC(=S)N1,1
CCCCCC(O)C=CC1C(O)CC(=O)C1CCCCCCC(O)=O,1
CCCCCC(O)C=CC1C(O)CC(=O)C1CC=CCCCC(O)=O,1
CCCCCC(O)C=CC1C(O)CC(O)C1CC=CCCCC(O)=O,1
CCCc1cc(ccn1)C(N)=S,1
NC(=O)c1cnccn1,1
CNC(=O)OCc1cccc(COC(=O)NC)n1,1
Cc1ncc(COP(O)(O)=O)c(C=O)c1O,0
Cc1ncc(CO)c(CO)c1O,0
CCc1nc(N)nc(N)c1-c1ccc(Cl)cc1,1
CCN(CC)CCCC(C)Nc1c2ccc(Cl)cc2[nH]c2ccc(OC)cc12,1
CCOC(=O)C(CCc1ccccc1)NC(C)C(=O)N1Cc2ccccc2CC1C(O)=O,1
CC12CCC3C(CCc4cc(OC5CCCC5)ccc34)C1CCC2(O)C#C,0
COc1ccc2nccc(C(O)C3CC4CCN3CC4C=C)c2c1,1
CCOC(Cc1ccc(OCCN2c3ccccc3Oc3ccccc23)cc1)C(O)=O,0
CN(Cc1ccc2NC(C)=NC(=O)c2c1)c1ccc(s1)C(=O)NC(CCC(O)=O)C(O)=O,1
CCOC(=O)C(CCc1ccccc1)NC(C)C(=O)N1C2CCCC2CC1C(O)=O,1
CNC(NCCSCc1ccc(CN(C)C)o1)=CN(=O)=O,1
COC1CC(CCC1O)CC(C)C1CC(=O)C(C)C=C(C)C(O)C(OC)C(=O)C(C)CC(C)C=CC=CC=C(C)C(CC2CCC(C)C(O)(O2)C(=O)C(=O)N2CCCCC2C(=O)O1)OC,1
OC(=O)C(CC1=CC(=O)Nc2ccccc12)NC(=O)c1ccc(Cl)cc1,0
COC1C(CC2CN3CCc4c([nH]c5cc(OC)ccc45)C3CC2C1C(=O)OC)OC(=O)c1cc(OC)c(OC)c(OC)c1,0
NC(=O)c1ncn(n1)C1OC(CO)C(O)C1O,1
Cc1cc2N=C3C(=O)NC(=O)N=C3N(CC(O)C(O)C(O)CO)c2cc1C,1
COC1C=COC2(C)Oc3c(C)c(O)c4C(=O)C(NC(=O)C(C)=CC=CC(C)C(O)C(C)C(O)C(C)C(OC(C)=O)C1C)=C1NC5(CCN(CC5)CC(C)C)N=C1c4c3C2=O,1
COC1C=COC2(C)OC3=C(C2=O)C2=C(O)C(=CNN4CCN(C)CC4)C(=NC(=O)C(C)=CC=CC(C)C(O)C(C)C(O)C(C)C(OC(C)=O)C1C)C(O)=C2C(O)=C3C,1
COC1C=COC2(C)Oc3c(C)c(O)c4c(O)c(NC(=O)C(C)=CC=CC(C)C(O)C(C)C(O)C(C)C(OC(C)=O)C1C)cc(O)c4c3C2=O,1
Nc1nc2ccc(OC(F)(F)F)cc2s1,1
Cc1c(nn(-c2ccc(Cl)cc2Cl)c1-c1ccc(Cl)cc1)C(=O)NN1CCCCC1,0
CC1=C(CCN2CCC(CC2)c2noc3cc(F)ccc23)C(=O)N2CCCCC2=N1,1
CC(NCCc1ccc(O)cc1)C(O)c1ccc(O)cc1,0
CC(C)C(NC(=O)N(C)Cc1csc(n1)C(C)C)C(=O)NC(CC(O)C(Cc1ccccc1)NC(=O)OCc1cncs1)Cc1ccccc1,1
CS(=O)(=O)c1ccc(cc1)C1=C(C(=O)OC1)c1ccccc1,1
CN(C)C1C2CC3C(C(=O)c4c(O)cccc4C3(C)O)=C(O)C2(O)C(=O)C(C(=O)NCN2CCCC2)=C1O,0
OC(=O)c1c(Cl)c(Cl)c(Cl)c(Cl)c1C1=C2C=C(I)C(=O)C(I)=C2Oc2c(I)c(O)c(I)cc12,0
CN(CCOc1ccc(CC2SC(=O)NC2=O)cc1)c1ccccn1,1
CC(C)c1[nH]c(nc(-c2ccc(F)cc2)c1C=CC(O)CC(O)CC(O)=O)N(C)S(C)(=O)=O,0
CCC1OC(=O)C(C)C(OC2CC(C)(OC)C(O)C(C)O2)C(C)C(OC2OC(C)CC(C2O)N(C)C)C(C)(O)CC(C)C(=NOCOCCOC)C(C)C(O)C1(C)O,1
CCC1(O)C(=O)OCC2=C1C=C1N(Cc3cc4c(cccc4nc13)N(=O)=O)C2=O,1
CC(C)(C)NCC(O)c1ccc(O)c(CO)c1,0
NC(=O)c1ccccc1O,1
OC(=O)c1ccccc1O,0
CC(C)(C)NC(=O)C1CC2CCCCC2CN1CC(O)C(Cc1ccccc1)NC(=O)C(CC(N)=O)NC(=O)c1ccc2ccccc2n1,1
CC1OC(OC2CCC3(C)C4CCC5(C)C(CCC5(O)C4CCC3=C2)C2=CC(=O)OC=C2)C(O)C(O)C1OC1OC(CO)C(O)C(O)C1O,0
CC(Cc1ccccc1)N(C)CC#C,1
C[Se]CCC(N)C(O)=O,0
Cc1cc(C)c(C=C2C(=O)Nc3ccccc23)[nH]1,1
CCC(O)(CC)C=CC=CC(C)C1CCC2C(CCCC12C)=CC=C1CC(O)CC(O)C1=C,1
CNC1CCC(c2ccc(Cl)c(Cl)c2)c2ccccc12,1
FCOC(C(F)(F)F)C(F)(F)F,1
CC(C)CC(N(C)C)C1(CCC1)c1ccc(Cl)cc1,1
CCCc1nn(C)c2C(=O)NC(=Nc12)c1cc(ccc1OCC)S(=O)(=O)N1CCN(C)CC1,1
COc1cc(ccc1O)C1Oc2cc(ccc2OC1CO)C1Oc2cc(O)cc(O)c2C(=O)C1O,1
CCC(C)(C)C(=O)OC1CC(C)C=C2C=CC(C)C(CCC3CC(O)CC(=O)O3)C12,1
Cc1cc2OCOc2cc1CC(=O)c1sccc1S(=O)(=O)Nc1onc(C)c1Cl,1
CC(O)=O,0
OC(=O)c1ccccc1,0
OC(O)=O,0
OC(=O)CCCc1ccccc1,1
CCC(O)=O,0
CNC(=O)c1cc(Oc2ccc(NC(=O)Nc3ccc(Cl)c(c3)C(F)(F)F)cc2)ccn1,1
O=C([C@H](O)[C@@H](O)[C@H](O)CO)CO,1
CC(C)NCC(O)c1ccc(NS(C)(=O)=O)cc1,0
O=C1c2ccccc2-c2n[nH]c3cccc1c23,1
CC1CN(CC(C)N1)c1c(F)c(N)c2C(=O)C(=CN(C3CC3)c2c1F)C(O)=O,1
COC1C(CC(=O)OC(C)CCCCCC(OC2CCC(C(C)O2)N(C)C)C(C)CC(CC=O)C1OC1OC(C)C(OC2CC(C)(O)C(O)C(O)O2)C(C1O)N(C)C)OC(C)=O,1
CC(=O)SC1CC2=CC(=O)CCC2(C)C2CCC3(C)C(CCC33CCC(=O)O3)C12,1
CC1(O)CCC2C3CCC4Cc5[nH]ncc5CC4(C)C3CCC12C,1
CC1=CN(C2OC(CO)C=C2)C(=O)NC1=O,1
CNC1C(O)C(O)C(CO)OC1OC1C(OC(C)C1(O)C=O)OC1C(O)C(O)C(NC(N)=N)C(O)C1NC(N)=N,1
CN(N=O)C(=O)NC1C(O)OC(CO)C(O)C1O,0
Cc1[nH]c(C=C2C(=O)Nc3ccccc23)c(C)c1CCC(O)=O,1
ONC(=O)CCCCCCC(=O)Nc1ccccc1,1
OCC1OC(OC2(CO)OC(CO)C(O)C2O)C(O)C(O)C1O,0
CC1(C)C(N2C(CC2=O)S1(=O)=O)C(O)=O,1
Nc1ccc(cc1)S(=O)(=O)Nc1ncccn1,1
COc1cc(NS(=O)(=O)c2ccc(N)cc2)nc(OC)n1,1
COc1ncnc(NS(=O)(=O)c2ccc(N)cc2)c1OC,0
Cc1ccnc(NS(=O)(=O)c2ccc(N)cc2)n1,0
COc1cnc(NS(=O)(=O)c2ccc(N)cc2)nc1,1
Cc1cc(C)nc(NS(=O)(=O)c2ccc(N)cc2)n1,1
Cc1nnc(NS(=O)(=O)c2ccc(N)cc2)s1,1
Cc1cc(NS(=O)(=O)c2ccc(N)cc2)no1,1
Nc1ccc(cc1)S(N)(=O)=O,1
Nc1ccc(cc1)S(=O)(=O)Nc1ccnn1-c1ccccc1,1
Nc1ccc(cc1)S(=O)(=O)Nc1ccccn1,0
OC(=O)c1cc(ccc1O)N=Nc1ccc(cc1)S(=O)(=O)Nc1ccccn1,1
O=C1C(CCS(=O)c2ccccc2)C(=O)N(N1c1ccccc1)c1ccccc1,1
CC1=C(CC(O)=O)c2cc(F)ccc2C1=Cc1ccc(cc1)S(C)=O,1
CC1=C(CC(O)=O)c2cc(F)ccc2C1=Cc1ccc(cc1)S(C)(=O)=O,1
CCCCCCCCNC(C)C(O)c1ccc(SC(C)C)cc1,1
CCN1CCCC1CNC(=O)c1cc(ccc1OC)S(N)(=O)=O,1
CC(C(O)=O)c1ccc(cc1)C(=O)c1cccs1,1
Cc1ccc(cc1NC(=O)c1cccc(NC(=O)Nc2cccc(c2)C(=O)Nc2cc(ccc2C)C(=O)Nc2ccc(c3cc(cc(c23)S(O)(=O)=O)S(O)(=O)=O)S(O)(=O)=O)c1)C(=O)Nc1ccc(c2cc(cc(c12)S(O)(=O)=O)S(O)(=O)=O)S(O)(=O)=O,1
CNCC(O)c1ccc(O)cc1,0
Nc1c2ccccc2nc2ccccc12,0
CCC(c1ccccc1)=C(c1ccccc1)c1ccc(OCCN(C)C)cc1,1
OC1C(COC(=O)c2cc(O)c(O)c(O)c2)OC(OC(=O)c2cc(O)c(O)c(O)c2)C(O)C1OC(=O)c1cc(O)c(O)c(O)c1,0
FC1=CN(C2CCCO2)C(=O)NC1=O,1
CCC1OC(=O)C(C)C(=O)C(C)C(OC2OC(C)CC(C2O)N(C)C)C(C)(CC(C)C(=O)C(C)C2N(CCCCn3cnc(c3)-c3cccnc3)C(=O)OC12C)OC,1
CCCc1[nH]c2c(C)cc(cc2n1Cc1ccc(cc1)-c1ccccc1C(O)=O)-c1nc2ccccc2n1C,1
CN1C(=O)C(O)N=C(c2ccccc2)c2cc(Cl)ccc12,0
CN1N=Nc2c(ncn2C1=O)C(N)=O,1
COc1cc(cc(OC)c1O)C1C2C(COC2=O)C(OC2OC(C)C(OC(O)c3cccs3)C(O)C2O)c2cc3OCOc3cc12,0
CC(Cn1cnc2c(N)ncnc12)OCP(O)(O)=O,1
CN1C(C(=O)Nc2ccccn2)=C(O)c2sccc2S1(=O)=O,1
CN(CC=CC#CC(C)(C)C)Cc1cccc2ccccc12,1
CC(C)(C)NCC(O)c1cc(O)cc(O)c1,0
CC(C)(C)c1ccc(cc1)C(O)CCCN1CCC(CC1)C(O)(c1ccccc1)c1ccccc1,1
NCCCCC(NC(=O)C1CCCN1C(=O)C1CSSCC(NC(=O)CNC(=O)CNC(=O)CN)C(=O)NC(Cc2ccc(O)cc2)C(=O)NC(Cc2ccccc2)C(=O)NC(CCC(N)=O)C(=O)NC(CC(N)=O)C(=O)N1)C(=O)NCC(N)=O,1
CC12CCC3C(CCC4=CC(=O)CCC34C)C1CCC2O,1
CCCCCCC(=O)OC1CCC2C3CCC4=CC(=O)CCC4(C)C3CCC12C,0
CCC(=O)OC1CCC2C3CCC4=CC(=O)CCC4(C)C3CCC12C,0
COc1cc2CCN3CC(CC(C)C)C(=O)CC3c2cc1OC,1
CCCCNc1ccc(cc1)C(=O)OCCN(C)C,0
Cl\C(Cl)=C(\Cl)Cl,1
CN(C)C1C2CC3C(C(=O)c4c(O)cccc4C3(C)O)=C(O)C2(O)C(=O)C(C(N)=O)=C1O,1
COc1ccc2CC3N(C)CCc4cc(OC)c(OC)c(Oc5cc6C(Cc7ccc(Oc1c2)cc7)N(C)CCc6cc5OC)c34,1
COc1ccccc1Oc1c(NS(=O)(=O)c2ccc(cn2)C(C)C)nc(nc1OCCO)-c1ccnc(c1)-c1nn[nH]n1,0
O=C1CCC(N2C(=O)c3ccccc3C2=O)C(=O)N1,1
c1ccc2[nH]c(nc2c1)-c1cscn1,1
Cc1ncc(C[n+]2csc(CCO)c2C)c(N)n1,1
CS(=O)(=O)c1ccc(cc1)C(O)C(CO)NC(=O)C(Cl)Cl,1
CSCC1N(C)C(=O)C2CSSCC(N(C)C(=O)CNC(=O)C(CSC1=O)NC(=O)c1nc3ccccc3cc1O)C(=O)N(C)C(CSC)C(=O)SCC(NC(=O)c1nc3ccccc3cc1O)C(=O)NCC(=O)N2C,1
NC1=Nc2nc[nH]c2C(=S)N1,1
CSc1ccc2Sc3ccccc3N(CCC3CCCCN3C)c2c1,1
NC(Cc1cc(I)c(Oc2cc(I)c(O)c(I)c2)c(I)c1)C(O)=O,1
OCCSCCCCCCCCCCSCCO,0
CC(C(O)=O)c1ccc(s1)C(=O)c1ccccc1,0
NC(=O)c1csc(n1)C1OC(CO)C(O)C1O,0
Clc1ccccc1CN1CCc2sccc2C1,1
OC(=O)COc1ccc(C(=O)c2cccs2)c(Cl)c1Cl,1
CC(C)(C)NCC(O)COc1nsnc1N1CCOCC1,1
CC(S)C(=O)NCC(O)=O,1
Nc1n[n+](O)c2ccccc2[n+]1O,0
Clc1ccc2nsnc2c1NC1=NCCN1,1
COC1C(CCC2(CO2)C1C1(C)OC1C\C=C(\C)C)OC(=O)NC(=O)CCl,0
NCC1OC(OC2C(N)CC(N)C(OC3OC(CO)C(O)C(N)C3O)C2O)C(N)CC1O,0
Cc1ccc(cc1)S(=O)(=O)NC(=O)NN1CCCCCC1,1
CCCCNC(=O)NS(=O)(=O)c1ccc(C)cc1,1
Cc1ccc(cc1)C(=O)c1cc(O)c(O)c(c1)N(=O)=O,1
CC(CN1CCCCC1)C(=O)c1ccc(C)cc1,1
CC(C)N(CCC(c1ccccc1)c1cc(C)ccc1O)C(C)C,1
CC1(C)OC2COC3(COS(N)(=O)=O)OC(C)(C)OC3C2O1,1
CN(C)CCOc1ccc(cc1)C(c1ccccc1)=C(CCCl)c1ccccc1,1
COc1cccc(c1)C1(O)CCCCC1CN(C)C,1
CCOC(=O)C(CCc1ccccc1)NC(C)C(=O)N1C2CCCCC2CC1C(O)=O,1
NCC1CCC(CC1)C(O)=O,1
COc1ccc(C=CC(=O)Nc2ccccc2C(O)=O)cc1OC,0
NC1CC1c1ccccc1,1
Clc1cccc(c1)N1CCN(CCCN2N=C3C=CC=CN3C2=O)CC1,1
OC(=O)Cc1cc(I)c(Oc2ccc(O)c(I)c2)c(I)c1,0
CC12CC(O)C3(F)C(CCC4=CC(=O)C=CC34C)C1CC(O)C2(O)C(=O)CO,0
CC1(C)OC2CC3C4CCC5=CC(=O)C=CC5(C)C4(F)C(O)CC3(C)C2(O1)C(=O)CO,0
COP(=O)(OC)C(O)C(Cl)(Cl)Cl,0
OC(=O)C(Cl)(Cl)Cl,0
Cl\C=C(\Cl)Cl,1
Oc1cc(Cl)ccc1Oc1ccc(Cl)cc1Cl,0
CN(C)CCCN1c2ccccc2Sc2ccc(cc12)C(F)(F)F,0
NC(Cc1cc(I)c(Oc2ccc(O)c(I)c2)c(I)c1)C(O)=O,1
COc1ccc(CN2CCNCC2)c(OC)c1OC,1
CN1C(=O)OC(C)(C)C1=O,1
O=C1N(Cc2ccccc2)C2C[S]3CCCC3C2N1Cc1ccccc1,0
COc1cc(Cc2cnc(N)nc2N)cc(OC)c1OC,1
Cc1c(C)c2OC(C)(CCc2c(C)c1O)COc1ccc(CC2SC(=O)NC2=O)cc1,1
COC1CC(OC(C)C1OC(C)=O)OC1C(C)C(OC2OC(C)CC(C2OC(C)=O)N(C)C)C(C)CC2(CO2)C(=O)C(C)C(OC(C)=O)C(C)C(C)OC(=O)C1C,1
Cc1cc(ccc1N=Nc1c(O)c2c(N)cc(cc2cc1S(O)(=O)=O)S(O)(=O)=O)-c1ccc(N=Nc2c(O)c3c(N)cc(cc3cc2S(O)(=O)=O)S(O)(=O)=O)c(C)c1,0
NC(Cc1c[nH]c2ccccc12)C(O)=O,0
CC(C)(C)CC(C)(C)c1ccc(O)cc1,0
O=C1NC=CC(=O)N1,1
NC(N)=O,0
OCC1OC(C(O)C1O)N1C=CC(=O)NC1=O,1
CCCC(CCC)C(O)=O,1
CCCCC(=O)N(Cc1ccc(cc1)-c1ccccc1-c1nn[nH]n1)C(C(C)C)C(O)=O,1
CC=CCC(C)C(=O)C1N(C)C(=O)C(C(C)C)N(C)C(=O)C(CC(C)C)N(C)C(=O)C(CC(C)C)N(C)C(=O)C(C)NC(=O)C(C)NC(=O)C(CC(C)C)N(C)C(=O)C(NC(=O)C(CC(C)C)N(C)C(=O)CN(C)C(=O)C(NC1=O)C(C)C)C(C)C,1
CNC(CC(C)C)C(=O)NC1C(O)c2ccc(Oc3cc4cc(Oc5ccc(cc5Cl)C(O)C5NC(=O)C(NC(=O)C4NC(=O)C(CC(N)=O)NC1=O)c1ccc(O)c(c1)-c1c(O)cc(O)cc1C(NC5=O)C(O)=O)c3OC1OC(CO)C(O)C(O)C1OC1CC(C)(N)C(O)C(C)O1)c(Cl)c2,1
COc1cc2c(Nc3ccc(Br)cc3F)ncnc2cc1OCC1CCN(C)CC1,1
COc1ccc(cc1)C(CN(C)C)C1(O)CCCCC1,1
COc1ccc(CCN(C)CCCC(C#N)(C(C)C)c2ccc(OC)c(OC)c2)cc1OC,1
COc1ccc(cc1OC)C(=O)N1CCN(CC1)c1ccc2NC(=O)CCc2c1,1
NC(CCC(O)=O)C=C,0
CCC1(O)CC2CN(CCc3c([nH]c4ccccc34)C(C2)(C(=O)OC)c2cc3c(cc2OC)N(C)C2C(O)(C(OC(C)=O)C4(CC)C=CCN5CCC32C45)C(=O)OC)C1,1
CCC1(O)CC2CN(CCc3c([nH]c4ccccc34)C(C2)(C(=O)OC)c2cc3c(cc2OC)N(C=O)C2C(O)(C(OC(C)=O)C4(CC)C=CCN5CCC32C45)C(=O)OC)C1,1
CCC12C=CCN3CCC4(C13)C(N(C)c1cc(OC)c(cc41)C1(CC3CC(CN(C3)Cc3c1[nH]c1ccccc31)C(C)(F)F)C(=O)OC)C(O)(C2OC(C)=O)C(=O)OC,0
CCC1=CC2CN(C1)Cc1c([nH]c3ccccc13)C(C2)(C(=O)OC)c1cc2c(cc1OC)N(C)C1C(O)(C(OC(C)=O)C3(CC)C=CCN4CCC21C34)C(=O)OC,1
CC(C=CC=C(C)C=CC1=C(C)CCCC1(C)C)=CCO,1
CC(CNC(=O)CCC1(C)C(CC(N)=O)C2=NC1=C(C)C1=NC(=CC3=NC(=C(C)C4=NC2(C)C(C)(CC(N)=O)C4CCC(N)=O)C(C)(CC(N)=O)C3CCC(N)=O)C(C)(C)C1CCC(N)=O)OP(O)(=O)OC1C(CO)OC(C1O)n1cnc2cc(C)c(C)cc12,1
Cc1ncc(CO)c(CO)c1O,1
CC(C)CCCC(C)C1CCC2C(CCCC12C)=CC=C1CC(O)CCC1=C,0
CC(C)CCCC(C)CCCC(C)CCCC1(C)CCc2c(C)c(O)c(C)c(C)c2O1,1
CC(C)CCCC(C)CCCC(C)CCCC(C)=CCC1=C(C)C(=O)c2ccccc2C1=O,1
OCC(CO)NC1CC(O)(CO)C(O)C(O)C1O,1
CC(c1ncncc1F)C(O)(Cn1cncn1)c1ccc(F)cc1F,1
CCCC(NC(=O)C1C2CCCC2CN1C(=O)C(NC(=O)C(NC(=O)c1cnccn1)C1CCCCC1)C(C)(C)C)C(=O)C(=O)NC1CC1,1
CC(=O)CC(c1ccccc1)C1=C(O)Oc2ccccc2C1=O,1
CCOC(=O)CNC(C1CCCCC1)C(=O)N1CCC1C(=O)NCc1ccc(cc1)C(N)=NO,1
Cc1cccc(C)c1NC(=O)c1cc(c(Cl)cc1O)S(N)(=O)=O,0
COC(=O)C1C(O)CCC2CN3CCc4c([nH]c5ccccc45)C3CC12,0
COc1cc(ccc1Cc1cn(C)c2ccc(NC(=O)OC3CCCC3)cc12)C(=O)NS(=O)(=O)c1ccccc1C,1
NC1=NC(=O)N(C=C1)C1CCC(CO)O1,1
CC1=CN(C2CC(NN=N)C(CO)O2)C(=O)NC1=O,1
CC(N(O)C(N)=O)c1cc2ccccc2s1,1
CN(C)C(=O)Cc1c(nc2ccc(C)cn12)-c1ccc(C)cc1,1
